#,Title,Company,URL,Location,State,Salary,Date Posted,Expiration Date
1,"Associate Principal Scientist, Engineering- Biologics, Sterile Drug Product Commercialization",Merck,https://www.indeed.com/viewjob?jk=1d9c8764f48590de,"West Point, PA, US",PA,"$142,400",2026-01-23,2026-02-05
2,Account Manager (Remote),m3usa,https://www.indeed.com/viewjob?jk=c4550fe1f9b21cfd,"Fort Washington, PA, US",PA,N/A,2026-01-23,N/A
3,Cell Therapy Manufacturing Specialist,Eurofins,https://www.indeed.com/viewjob?jk=ce3f7272946ec47e,"Exton, PA, US",PA,N/A,2026-01-23,N/A
4,Life Sciences: Scientific and Laboratory Informatics Manager - Manager/Sr. Manager,Accenture,https://www.indeed.com/viewjob?jk=0f41536aab6661ea,"Philadelphia, PA, US",PA,"$94,400",2026-01-23,N/A
5,"Research Scientist/ Senior Research Scientist, Precision Medicine",Aitia,https://www.indeed.com/viewjob?jk=42065918392afec0,"Cambridge, MA, US",MA,N/A,2026-01-23,N/A
6,"Research Scientist/ Senior Research Scientist, Precision Medicine",Aitia,https://www.indeed.com/viewjob?jk=8112f738f382eae5,"Cambridge, MA, US",MA,N/A,2026-01-23,N/A
7,Bioprocessing Support Technician,Eurofins,https://www.indeed.com/viewjob?jk=65d31c045533a757,"Andover, MA, US",MA,$24,2026-01-23,N/A
8,Life Sciences: Scientific and Laboratory Informatics Manager - Manager/Sr. Manager,Accenture,https://www.indeed.com/viewjob?jk=11a19d1c069a9164,"Boston, MA, US",MA,"$94,400",2026-01-23,N/A
9,Downstream Development Engineer – Pilot Operations,Eurofins,https://www.indeed.com/viewjob?jk=371a5772ec55cd80,"Lexington, MA, US",MA,$30,2026-01-23,N/A
10,Pilot Plant Process Technician (No Degree Needed),Eurofins,https://www.indeed.com/viewjob?jk=8d92e9f5032b8440,"Andover, MA, US",MA,$24,2026-01-23,N/A
11,Technical Sales Support (Microbiology),Element Materials Technology,https://www.indeed.com/viewjob?jk=f01271174bce1611,"Acton, MA, US",MA,N/A,2026-01-23,N/A
12,"Project Manager, Pharmaceutical Marketing",Bausch & Lomb,https://www.indeed.com/viewjob?jk=45f876e59fbf8de8,"Bridgewater, NJ, US",NJ,"$75,000",2026-01-23,N/A
13,Senior Clinical Project Manager (Remote),Everest Clinical Research,https://www.indeed.com/viewjob?jk=d0bd745d6c7782b0,"Bridgewater, NJ, US",NJ,N/A,2026-01-23,N/A
14,Life Sciences: Scientific and Laboratory Informatics Manager - Manager/Sr. Manager,Accenture,https://www.indeed.com/viewjob?jk=673587423791e173,"New York, NY, US",NY,"$94,400",2026-01-23,N/A
15,Life Sciences: Scientific and Laboratory Informatics Manager - Manager/Sr. Manager,Accenture,https://www.indeed.com/viewjob?jk=7c995e7774590a9e,"Morristown, NJ, US",NJ,"$94,400",2026-01-23,N/A
16,"Associate Director, R&D Data Science & Digital Health – Hematology/Oncology",Johnson & Johnson,https://www.indeed.com/viewjob?jk=17c1994516d387e2,"Spring House, PA, US",PA,"$137,000",2026-01-23,N/A
17,Analytical Laboratory Associate II,Eurofins,https://www.indeed.com/viewjob?jk=12e4f01c0cc0bbc4,"Andover, MA, US",MA,$26,2026-01-23,N/A
18,Protein Purification Analytical Scientist,Eurofins,https://www.indeed.com/viewjob?jk=e98b69e21f418af7,"Andover, MA, US",MA,$27,2026-01-23,N/A
19,"Director, Head of Bioinformatics for Immunology",Association of Biomolecular Resource Facilities,https://www.indeed.com/viewjob?jk=0f4632a3b11894b7,"Cambridge, MA, US",MA,N/A,2026-01-23,N/A
20,HPLC Analyst,Eurofins,https://www.indeed.com/viewjob?jk=63e2625237e0c46f,"Cambridge, MA, US",MA,$34,2026-01-23,N/A
21,HPLC Associate – Team Lead,Eurofins,https://www.indeed.com/viewjob?jk=1407060bcd049659,"Cambridge, MA, US",MA,$34,2026-01-23,N/A
22,HPLC Chemist,Eurofins,https://www.indeed.com/viewjob?jk=c42999274c69fce2,"Andover, MA, US",MA,$26,2026-01-23,N/A
23,Oncology G.A.P Scholar,Johnson & Johnson,https://www.indeed.com/viewjob?jk=0a33e02120b9ff48,"Spring House, PA, US",PA,N/A,2026-01-23,2026-09-01
24,Post Doc AI-powered Omics Analytics,Johnson & Johnson,https://www.indeed.com/viewjob?jk=07b94135631fc098,"Spring House, PA, US",PA,"$79,000",2026-01-23,N/A
25,Associate Director,AstraZeneca,https://www.indeed.com/viewjob?jk=0a7163f1a4977dac,"Waltham, MA, US",MA,"$134,892",2026-01-23,N/A
26,"Distinguished Scientist/Director, Cell Therapy",Johnson & Johnson,https://www.indeed.com/viewjob?jk=ca92917d6fdc671e,"Cambridge, MA, US",MA,"$164,000",2026-01-23,N/A
27,"National Director, Life Sciences",Leica Biosystems,https://www.indeed.com/viewjob?jk=4d7f38c20d56054f,"New York, NY, US",NY,"$200,000",2026-01-23,N/A
28,Scientist - Functional Genomics,Eurofins,https://www.indeed.com/viewjob?jk=f1136681a7ffadab,"Cambridge, MA, US",MA,"$130,000",2026-01-23,N/A
29,"Scientist, Renal Cell Biology & Physiology (iPSC Differentiation/Reprogramming)",United Therapeutics,https://www.indeed.com/viewjob?jk=cfe6eb5b73f00feb,"Medford, MA, US",MA,"$111,000",2026-01-23,N/A
30,"Scientist, Renal Cell Biology & Physiology (Epithelial and Endothelial Cell Biologist)",United Therapeutics,https://www.indeed.com/viewjob?jk=d3fa09a265f68f13,"Medford, MA, US",MA,"$111,000",2026-01-23,N/A
31,Laboratory Associate (Chen Lab),New York University,https://www.indeed.com/viewjob?jk=1238c095efa21c6c,"New York, NY, US",NY,"$58,656",2026-01-23,N/A
32,Associate Director - Clinical Research Scientist,Lilly,https://lilly.wd5.myworkdayjobs.com/en-US/LLY/job/US-Boston-MA/Associate-Director---Clinical-Research-Scientist_R-99534,"US, Boston MA",MA,N/A,2026-01-22,N/A
33,Research Pipeline Project Director,GSK,https://www.indeed.com/viewjob?jk=f749d5410ce35b76,"Collegeville, PA, US",PA,N/A,2026-01-22,N/A
34,Post-Doc Shumytsky Lab,Rutgers University,https://www.indeed.com/viewjob?jk=4c0c1a6303346e74,"Piscataway, NJ, US",NJ,"$63,968",2026-01-22,2026-05-01
35,Research Support Specialist,The Research Foundation for The State University of New York at Stony Brook,https://www.indeed.com/viewjob?jk=8df46e011554cc86,"Stony Brook, NY, US",NY,"$38,000",2026-01-22,2026-02-05
36,Clinical Laboratory Technologist - Microbiology Lab,Stony Brook University Medical Center,https://www.indeed.com/viewjob?jk=add29acc894d67e8,"Stony Brook, NY, US",NY,"$89,142",2026-01-22,2026-04-22
37,Project Manager Pharma,Thermofisher,https://thermofisher.wd5.myworkdayjobs.com/ThermoFisherCareers/job/Bohemia-New-York-USA/Project-Manager_R-01337505,"Bohemia, New York, USA",NY,N/A,2026-01-21,N/A
38,Distribution Project Manager,Thermofisher,https://thermofisher.wd5.myworkdayjobs.com/ThermoFisherCareers/job/Breinigsville-Pennsylvania-USA/Distribution-Project-Manager_R-01339096-1,"Breinigsville, Pennsylvania, USA",PA,N/A,2026-01-21,N/A
39,"Associate, QC Microbiology, Cell Therapy",Bms,https://bristolmyerssquibb.wd5.myworkdayjobs.com/BMS/job/Devens---MA---US/Associate--QC-Microbiology--Cell-Therapy_R1598185,Devens - MA - US,MA,N/A,2026-01-20,N/A
40,"Head of Predictive Biomarker Strategy, R&D",Daiichi Sankyo,https://www.indeed.com/viewjob?jk=6bc1b1514b636a23,"Basking Ridge, NJ, US",NJ,"$298,800",2026-01-20,N/A
41,Research Technician I,The Research Foundation for The State University of New York at Stony Brook,https://www.indeed.com/viewjob?jk=b7d9e76c72906849,"Stony Brook, NY, US",NY,"$35,000",2026-01-16,2026-01-30
42,Principal Scientist,Harvard University,https://www.indeed.com/viewjob?jk=ca27ea1873445f29,"Boston, MA, US",MA,N/A,2026-01-16,N/A
43,Creative Sr. Project Manager,Thermofisher,https://thermofisher.wd5.myworkdayjobs.com/ThermoFisherCareers/job/Pittsburgh-Pennsylvania-USA/Creative-Sr-Project-Manager_R-01339945,"Pittsburgh, Pennsylvania, USA",PA,N/A,2026-01-15,N/A
44,In Vivo Vaccine Research Scientist,Pfizer,https://pfizer.wd1.myworkdayjobs.com/PfizerCareers/job/United-States---New-York---Pearl-River/In-Vivo-Vaccine-Research-Scientist_4949609-2,United States - New York - Pearl River,NY,N/A,2026-01-12,N/A
45,"Project Manager, Portfolio Management",Thermofisher,https://thermofisher.wd5.myworkdayjobs.com/ThermoFisherCareers/job/Pittsburgh-Pennsylvania-USA/Project-Manager--Portfolio-Management_R-01337527,"Pittsburgh, Pennsylvania, USA",PA,N/A,2026-01-09,N/A
46,Senior Computational Biologist,Pfizer,https://pfizer.wd1.myworkdayjobs.com/PfizerCareers/job/United-States---Massachusetts---Cambridge/Senior-Computational-Biologist_4949266-2,United States - Massachusetts - Cambridge,MA,N/A,2026-01-09,N/A
47,"Senior Manager, QC Microbiology",Bms,https://bristolmyerssquibb.wd5.myworkdayjobs.com/BMS/job/Summit-West---NJ---US/Senior-Manager--QC-Microbiology_R1596419,Summit West - NJ - US,NJ,N/A,2026-01-05,N/A
48,Sr Staff. Project Manager,Thermofisher,https://thermofisher.wd5.myworkdayjobs.com/ThermoFisherCareers/job/Waltham-Massachusetts-USA/Sr-Staff-Project-Manager_R-01331864,"Waltham, Massachusetts, USA",MA,N/A,2025-12-24,N/A
49,Sr. Project Manager,Thermofisher,https://thermofisher.wd5.myworkdayjobs.com/ThermoFisherCareers/job/Waltham-Massachusetts-USA/Sr-Project-Manager_R-01337179,"Waltham, Massachusetts, USA",MA,N/A,2025-12-24,N/A
50,"Associate Director, Planning and Manufacturing Systems Project Manager",Merck,https://msd.wd5.myworkdayjobs.com/SearchJobs/job/USA---Pennsylvania---West-Point/Associate-Director--Planning-and-Manufacturing-Systems-Project-Manager_R377648-1,USA - Pennsylvania - West Point,PA,N/A,2025-12-24,N/A
51,"Principal Scientist, Biologics Analytical R&D",Merck,https://www.indeed.com/viewjob?jk=58ebcaaf70993638,"Rahway, NJ, US",NJ,"$156,900",2023-09-05,2026-03-20
52,"Principal Scientist, Biologics Analytical R&D",Merck,https://www.indeed.com/viewjob?jk=44ff223dec8f9e97,"Rahway, NJ, US",NJ,"$156,900",2023-09-05,2026-01-24
53,"2026 Future Talent Program - Genome Sciences, Computational Biology - Co-op",Merck,https://www.indeed.com/viewjob?jk=a40dd5248b36cf33,"Cambridge, MA, US",MA,"$39,600",2023-09-05,2026-02-16
54,"Senior Data Scientist (AI/ML) in Data, AI & Genome Sciences",Merck,https://www.indeed.com/viewjob?jk=7a9ff54f571413b0,"Cambridge, MA, US",MA,"$144,800",2023-09-05,2026-01-29
55,2026 Future Talent Program - Bioprocess Clinical Manufacturing & Technology - Co-Op,Merck,https://www.indeed.com/viewjob?jk=5c253271293cd627,"West Point, PA, US",PA,"$39,600",2023-09-05,2026-02-12
56,Associate Principal Scientist – Downstream Vaccines and Advanced Biotechnologies Process R&D,Merck,https://www.indeed.com/viewjob?jk=1781dfe9644dad42,"West Point, PA, US",PA,"$142,400",2023-09-05,2026-02-10
57,AI/ML Engineer - Platform & ML Ops (Clinical Trial AL Tooling),Psychogenics Inc,https://www.indeed.com/viewjob?jk=0e8b45aaac26015e,"Paramus, NJ, US",NJ,N/A,N/A,N/A
58,Genomic Diagnostics Platform Engineer - Software Engineer,Ash & Harris Executive Search,https://www.indeed.com/viewjob?jk=40dd7550fd9ff252,"Boston, MA, US",MA,N/A,N/A,N/A
59,Executive Talent Partner,nan,https://www.indeed.com/viewjob?jk=3e4a62aec8e49543,"Boston, MA, US",MA,$10,N/A,N/A
60,Sr. Field Application Specialist/Automation,Thermo Fisher Scientific,https://www.indeed.com/viewjob?jk=de594cde20bfe3e0,"Waltham, MA, US",MA,"$104,000",N/A,N/A
61,"Senior Scientist, Nucleic Acid Chemistry","Flagship Pioneering, Inc.",https://www.indeed.com/viewjob?jk=9d1814e82cc1f2d3,"Cambridge, MA, US",MA,"$126,000",N/A,N/A
62,Technical Buyer II (Hybrid),PerkinElmer,https://www.indeed.com/viewjob?jk=f12e2f0e5d854ea2,"Woburn, MA, US",MA,"$75,000",N/A,N/A
63,"Head, Translational Research and Biomarkers",Novartis,https://www.indeed.com/viewjob?jk=6d89457dea1aa5b9,"Cambridge, MA, US",MA,"$185,500",N/A,N/A
64,Molecular Biology Scientist/Senior Associate Scientist,Association of Biomolecular Resource Facilities,https://www.indeed.com/viewjob?jk=b62ac4b0668b4700,"Philadelphia, PA, US",PA,N/A,N/A,N/A
65,Molecular Biology/Plasmid Constructs Co-Op,Association of Biomolecular Resource Facilities,https://www.indeed.com/viewjob?jk=77a4473a9e0cf6b1,"Philadelphia, PA, US",PA,N/A,N/A,N/A
66,Sr. Field Application Specialist/Automation,Thermo Fisher Scientific,https://www.indeed.com/viewjob?jk=6909d4bdf8a354a8,"Philadelphia, PA, US",PA,"$104,000",N/A,N/A
67,Research Pipeline Project Director,GSK,https://www.indeed.com/viewjob?jk=35e63499bd700214,"Upper Providence, PA, US",PA,N/A,N/A,N/A
68,Exploratory Technology Intern,Legend Biotech,https://www.indeed.com/viewjob?jk=81a6d52aa1176488,"Philadelphia, PA, US",PA,N/A,N/A,N/A
69,"Director, Animal Production - Velocigene",Regeneron,https://www.indeed.com/viewjob?jk=905365592f93595a,"Tarrytown, NY, US",NY,"$183,100",N/A,N/A
70,"Director, Animal Production - Velocigene",Regeneron,https://www.indeed.com/viewjob?jk=f38b79dc26f148a7,"Tarrytown, NY, US",NY,"$183,100",N/A,N/A
71,Molecular Technologist I,Weill Cornell Medicine,https://www.indeed.com/viewjob?jk=b03ebc3977ed5df7,"New York, NY, US",NY,$43,N/A,N/A
72,"Scientist, Drug Product Development",Bristol Myers Squibb,https://www.indeed.com/viewjob?jk=11a14520314c92a5,"New Brunswick, NJ, US",NJ,"$101,800",N/A,N/A
73,Immuno-oncology Intern,Legend Biotech,https://www.indeed.com/viewjob?jk=c6ddab602a2f454f,"Piscataway, NJ, US",NJ,N/A,N/A,N/A
74,"Postdoctoral Associate, Multiple Vacancies",Rutgers University,https://www.indeed.com/viewjob?jk=1ff846327518b8b5,"New Brunswick, NJ, US",NJ,"$63,968",N/A,N/A
75,Visiting Researcher (Multiple Vacancies),Rutgers University,https://www.indeed.com/viewjob?jk=4bb47728e3963b7a,"New Brunswick, NJ, US",NJ,"$45,000",N/A,N/A
76,Associate Researcher I- Pharmacological Sciences,Mount Sinai Health System,https://www.indeed.com/viewjob?jk=79e8ef25333c7c00,"New York, NY, US",NY,$58661,N/A,N/A
77,Senior Industrial Hygienist Apprenticeship - Brooklyn,nan,https://www.indeed.com/viewjob?jk=5c9921a974d8e8cf,"Brooklyn, NY, US",NY,N/A,N/A,N/A
78,POSTDOCTORAL ASSOCIATE,Hospital for Special Surgery,https://www.indeed.com/viewjob?jk=15e183d0c78232ec,"New York, NY, US",NY,$23,N/A,N/A
79,Senior Associate Scientist - Bioassays,Regeneron,https://www.indeed.com/viewjob?jk=107ace102f667160,"Tarrytown, NY, US",NY,"$80,300",N/A,N/A
80,Research Technician I,Weill Cornell Medicine,https://www.indeed.com/viewjob?jk=63945cdf19d78939,"New York, NY, US",NY,$22,N/A,N/A
81,Senior Associate Scientist - Bioassays,Regeneron,https://www.indeed.com/viewjob?jk=ccca089d829b7a6d,"Tarrytown, NY, US",NY,"$80,300",N/A,N/A
82,Postdoctoral Associate,Rutgers University,https://www.indeed.com/viewjob?jk=d9b34f7e1a8218bd,"Piscataway, NJ, US",NJ,"$63,968",N/A,N/A
83,"Director, Head of Research Data Integration & Analytics",GSK,https://www.indeed.com/viewjob?jk=6fdb9e0aaa761bb0,"Cambridge, MA, US",MA,"$178,200",N/A,N/A
84,"Senior Research Associate / Associate Scientist, Protein Science, Antibody Platform",Lila Sciences,https://www.indeed.com/viewjob?jk=7b5eb62a6e3bdaab,"Cambridge, MA, US",MA,"$80,000 – $118,000",N/A,N/A
85,Research Technician,Howard Hughes Medical Institute,https://www.indeed.com/viewjob?jk=14c912a9dbcdb0d0,"Boston, MA, US",MA,$18,N/A,N/A
86,"QC Senior/Principal Scientist, Analytical Method Validation",Genezen,https://www.indeed.com/viewjob?jk=f4efa161b9126180,"Lexington, MA, US",MA,"$120,000",N/A,N/A
87,"Sr. Scientist, Neuroscience Computational Biology",Takeda Pharmaceuticals,https://www.indeed.com/viewjob?jk=08a070602865efc7,"Boston, MA, US",MA,"$137,000",N/A,N/A
88,"Intern, Student (Molecular and Special Chemistry)",Quest Diagnostics,https://www.indeed.com/viewjob?jk=b4f5a1ad8df974ce,"Marlborough, MA, US",MA,N/A,N/A,N/A
89,"Technical Associate I, Ribbeck Lab",Massachusetts Institute of Technology,https://www.indeed.com/viewjob?jk=4b0ec30a43f9b853,"Cambridge, MA, US",MA,N/A,N/A,N/A
90,"Director, Oncology Translational Research",Novartis,https://www.indeed.com/viewjob?jk=49426ed70a9c126f,"Cambridge, MA, US",MA,"$185,500",N/A,N/A
91,Research Assistant (Islet Cell & Regenerative Biology),Joslin Diabetes Center,https://www.indeed.com/viewjob?jk=45ecf982c2ba6e2d,"Boston, MA, US",MA,$21,N/A,N/A
92,Lab Analyst II NENSP Molecular,University of Massachusetts,https://www.indeed.com/viewjob?jk=8eebb6c8d64199aa,"Worcester, MA, US",MA,N/A,N/A,N/A
93,Research Associate I (Lab),Tufts Medical Center,https://www.indeed.com/viewjob?jk=0a65d4d0da658580,"Boston, MA, US",MA,"$55,883",N/A,N/A
94,"Sr. Director, Spatial Biology",Quanterix,https://www.indeed.com/viewjob?jk=358556a37627cc01,"Billerica, MA, US",MA,N/A,N/A,N/A
95,"Research Technician: Pediatric Oncology, Heikamp Lab",Dana-Farber Cancer Institute,https://www.indeed.com/viewjob?jk=183d3ac010e11035,"Boston, MA, US",MA,"$47,500",N/A,N/A
96,"Research Associate, Protein Science",Lila Sciences,https://www.indeed.com/viewjob?jk=8bb3d764a3b9e740,"Cambridge, MA, US",MA,"$72,000 –$94,000",N/A,N/A
97,"Scientist, Pooled Functional Screening",Lila Sciences,https://www.indeed.com/viewjob?jk=95165f2b05ca12bd,"Cambridge, MA, US",MA,"$108,000–$170,000",N/A,N/A
98,"Associate Scientist, Assay Development",Pfizer,https://www.indeed.com/viewjob?jk=61d96dc90d513893,"Cambridge, MA, US",MA,"$60,200",N/A,2026-01-22
99,"Sr Research Associate, Molecular Biology",TWIST BIOSCIENCE,https://www.indeed.com/viewjob?jk=56bfbba46c1f88fc,"Quincy, MA, US",MA,N/A,N/A,N/A
100,"Research Scientist, AI/ML Foundational Models",Takeda Pharmaceuticals,https://www.indeed.com/viewjob?jk=5ec9542952f08ba2,"Boston, MA, US",MA,"$111,800",N/A,N/A
101,Research Specialist B/C,University of Pennsylvania,https://www.indeed.com/viewjob?jk=0865ebffdfcb0a05,"Philadelphia, PA, US",PA,"$50,000",N/A,N/A
102,Research Specialist B,University of Pennsylvania,https://www.indeed.com/viewjob?jk=d23ea913cf9c7b95,"Philadelphia, PA, US",PA,"$50,000",N/A,N/A
103,Resource Technologist A,University of Pennsylvania,https://www.indeed.com/viewjob?jk=e076ad471e76d547,"Philadelphia, PA, US",PA,"$44,500",N/A,N/A
104,"Scientist, Quality Control","Rockland Immunochemicals, Inc.",https://www.indeed.com/viewjob?jk=dbcb0aad4ac882a2,"Pottstown, PA, US",PA,N/A,N/A,N/A
105,"Research Specialist A, SAS- Earth and Environmental Science",University of Pennsylvania,https://www.indeed.com/viewjob?jk=041fb9e19d050fd6,"Philadelphia, PA, US",PA,"$44,500",N/A,N/A
106,Research Specialist A (Department of Radiology),University of Pennsylvania,https://www.indeed.com/viewjob?jk=d23be0906e264c5c,"Philadelphia, PA, US",PA,"$44,500",N/A,N/A
107,Senior Scientist I Exton,A-TEK Inc,https://www.indeed.com/viewjob?jk=04d7ded6a6c8324b,"Exton, PA, US",PA,N/A,N/A,N/A
108,Principal Software Engineer (Genomics),Regeneron,https://www.indeed.com/viewjob?jk=d8fd9ba6bd4d51c5,"Tarrytown, NY, US",NY,"$128,600",N/A,N/A
109,Principal Software Engineer (Genomics),Regeneron,https://www.indeed.com/viewjob?jk=529e3e957a4bac14,"Tarrytown, NY, US",NY,"$128,600",N/A,N/A
110,Postdoctoral Fellow-MSH-32910-028,Mount Sinai Health System,https://www.indeed.com/viewjob?jk=ad9c431b76145429,"New York, NY, US",NY,$72500,N/A,N/A
111,Operations Coordinator - Genetics / Genomics,Mount Sinai Health System,https://www.indeed.com/viewjob?jk=7647f6194faab616,"New York, NY, US",NY,$66482,N/A,N/A
112,Postdoctoral Fellow-MSH-13400-365,Mount Sinai Health System,https://www.indeed.com/viewjob?jk=45dbb78f3c06672a,"New York, NY, US",NY,$72500,N/A,N/A
113,Bioinformatics Software Engineer III,Memorial Sloan Kettering Cancer Center,https://www.indeed.com/viewjob?jk=4aa004eda1c637c1,"New York, NY, US",NY,"$121,400",N/A,N/A
114,Clinical Microbiologist,Eurofins,https://www.indeed.com/viewjob?jk=eaff190471797b85,"Andover, MA, US",MA,N/A,N/A,N/A
115,Bioinformatics Manager - ZS Discovery,Association of Biomolecular Resource Facilities,https://www.indeed.com/viewjob?jk=3c85baa1032e8069,"Boston, MA, US",MA,N/A,N/A,N/A
116,Clinical Development Lead (Director/VP),Editas Medicine,https://www.indeed.com/viewjob?jk=ac7aa64457f0aec0,"Cambridge, MA, US",MA,"$300,000",N/A,N/A
117,"Vice President, Science and Technology",LGC,https://www.indeed.com/viewjob?jk=3e3946a7edf3a86d,"Milford, MA, US",MA,"$236,000",N/A,N/A
118,Senior Bioinformatics Scientist/Engineer,nan,https://www.indeed.com/viewjob?jk=ee3744fcc33ca0f2,"Boston, MA, US",MA,N/A,N/A,N/A
119,Bioinformatics Scientist/Engineer,nan,https://www.indeed.com/viewjob?jk=ae43d4a64f6836d3,"Boston, MA, US",MA,N/A,N/A,N/A
120,"Director/Sr. Director, Clinical Operations",Editas Medicine,https://www.indeed.com/viewjob?jk=4bbcc2a5ca63ce73,"Cambridge, MA, US",MA,"$220,000",N/A,N/A
121,"Principal Scientist, Bioinformatics",Quanterix,https://www.indeed.com/viewjob?jk=d2ce39a732003077,"Billerica, MA, US",MA,N/A,N/A,N/A
122,Research Assistant I- D'Gama Lab,Boston Children's Hospital,https://www.indeed.com/viewjob?jk=45ee96842210cf34,"Boston, MA, US",MA,$39644,N/A,N/A
123,Laboratory Compliance Manager,iCura Diagnostics,https://www.indeed.com/viewjob?jk=92dd505b645fa8bb,"Malvern, PA, US",PA,"$80,000",N/A,N/A
124,Research Specialist A/B,University of Pennsylvania,https://www.indeed.com/viewjob?jk=1119f341f79a77ef,"Philadelphia, PA, US",PA,"$44,500",N/A,N/A
125,Laboratory Technician - Part-Time,Eurofins,https://www.indeed.com/viewjob?jk=4168b028801a92bf,"Philadelphia, PA, US",PA,N/A,N/A,N/A
126,Medical Laboratory Manager,Curesponse,https://www.indeed.com/viewjob?jk=a2fb170b7b89462b,"Philadelphia, PA, US",PA,N/A,N/A,N/A
127,Sr Mgr Tech Operations Fermentation Chemistry,Melinta Therapeutics,https://www.indeed.com/viewjob?jk=5588b21b38c0f254,"Parsippany-Troy Hills, NJ, US",NJ,N/A,N/A,N/A
128,Senior International Regulatory Affairs Specialist,BD,https://www.indeed.com/viewjob?jk=3fcbe353ad0681ac,"Franklin Lakes, NJ, US",NJ,N/A,N/A,N/A
129,Assistant Project Manager (Construction),IPS-Integrated Project Services,https://www.indeed.com/viewjob?jk=1ece01f72302b758,"Somerset, NJ, US",NJ,"$107,000",N/A,N/A
130,"LS/Principal Consultant – Project Manager, Life Sciences, Infosys Consulting",Infosys,https://www.indeed.com/viewjob?jk=bffd5e3c72dd0f9c,"Bridgewater, NJ, US",NJ,N/A,N/A,N/A
131,CQV Engineer,Katalyst Healthcares & Life Sciences,https://www.indeed.com/viewjob?jk=04edaa4d81eb263f,"South Plainfield, NJ, US",NJ,N/A,N/A,N/A
132,"Biopharma Sales Specialist (NYC and Long Island, PA, NJ and DE)",Oxford Nanopore Technologies,https://www.indeed.com/viewjob?jk=7dd3ae58d4a9f85b,"Newark, NJ, US",NJ,"$113,243",N/A,N/A
133,Project Manager / Business Analyst,Piping Rock Health Products,https://www.indeed.com/viewjob?jk=62b5d4c87748846c,"Bohemia, NY, US",NY,N/A,N/A,N/A
134,"Sales Executive - Prenatal - Plainview, NY (Long Island, NY)",Myriad Genetics,https://www.indeed.com/viewjob?jk=1d92242c2e272b91,"Plainview, NY, US",NY,"$180,000 – $205,000",N/A,N/A
135,Senior Project Manager (Ground Up),"JRM Construction Management, LLC",https://www.indeed.com/viewjob?jk=9bc6f08bec7a4db4,"New York, NY, US",NY,$80,N/A,N/A
136,"Director, Qualitative Market Research",nan,https://www.indeed.com/viewjob?jk=e796ba11a5e19f62,"New York, NY, US",NY,N/A,N/A,N/A
137,Inside Sales Representative - 2 - Remote 3259295 I-HOLOGIC-2 ISR Endometrial,IQVIA,https://www.indeed.com/viewjob?jk=f57b037f7397a3e8,"Parsippany-Troy Hills, NJ, US",NJ,"$65,000",N/A,N/A
138,Site Safety Manager,nan,https://www.indeed.com/viewjob?jk=c7f5060c57083672,"New York, NY, US",NY,N/A,N/A,N/A
139,Project Manager (MEP),"JRM Construction Management, LLC",https://www.indeed.com/viewjob?jk=02e0d98ea282a556,"New York, NY, US",NY,"$180,000",N/A,N/A
140,I&C Superintendent (Traveler),IPS-Integrated Project Services,https://www.indeed.com/viewjob?jk=d283be5db042fcbc,"Somerset, NJ, US",NJ,N/A,N/A,N/A
141,Process Equipment Superintendent,IPS-Integrated Project Services,https://www.indeed.com/viewjob?jk=73f89fd24de6ca9a,"Somerset, NJ, US",NJ,N/A,N/A,N/A
142,Process Piping Superintendent (Traveler),IPS-Integrated Project Services,https://www.indeed.com/viewjob?jk=e629fc8d2e169d0d,"Somerset, NJ, US",NJ,N/A,N/A,N/A
143,Assistant Project Manager (Public),"JRM Construction Management, LLC",https://www.indeed.com/viewjob?jk=2a703899e0cb9de1,"New York, NY, US",NY,"$100,000",N/A,N/A
144,"Vice President, Market Research & AI",nan,https://www.indeed.com/viewjob?jk=92757e6b8f8b17a5,"New York, NY, US",NY,N/A,N/A,N/A
145,"Vice President, Market Research",nan,https://www.indeed.com/viewjob?jk=a788aa8ce190ed5d,"New York, NY, US",NY,N/A,N/A,N/A
146,CIO Advisory Supervisor,RSM,https://www.indeed.com/viewjob?jk=b3b0783345703c79,"New York, NY, US",NY,"$101,000",N/A,N/A
147,"Sales Executive - Prenatal - Yonkers, NY",Myriad Genetics,https://www.indeed.com/viewjob?jk=318b903c76375376,"Yonkers, NY, US",NY,"$180,000 – $205,000",N/A,N/A
148,"Senior Director, Learning Instructional Design and Course Creation",Pfizer,https://www.indeed.com/viewjob?jk=c61ed014779b2662,"New York, NY, US",NY,"$214,900",N/A,2026-01-26
149,"Senior Healthcare & Life Sciences Solutions Architect, AI Solutions",Amazon Web Services,https://www.indeed.com/viewjob?jk=b6b0d61b1a2a8a6e,"New York, NY, US",NY,"$138,200",N/A,N/A
150,Staff Accountant,LGC,https://www.indeed.com/viewjob?jk=a2e91cf87a2d78ab,"Milford, MA, US",MA,N/A,N/A,N/A
151,Technical Applications Specialist,LGC,https://www.indeed.com/viewjob?jk=483471eaa1e114db,"Milford, MA, US",MA,N/A,N/A,N/A
152,"Senior / Manager, Medical Writing",Relay Therapeutics,https://www.indeed.com/viewjob?jk=d85e52df25abf6c0,"Cambridge, MA, US",MA,"$107,000",N/A,N/A
153,Bioinformatics Co-op (Fall 2026),Association of Biomolecular Resource Facilities,https://www.indeed.com/viewjob?jk=8d7c82a8fcf20504,"Cambridge, MA, US",MA,N/A,N/A,N/A
154,"Associate Director, Pipeline Project Management",GSK,https://www.indeed.com/viewjob?jk=2e7ec34d4a207bee,"Cambridge, MA, US",MA,"$118,800",N/A,N/A
155,Controls Engineer,Wunderlich-Malec,https://www.indeed.com/viewjob?jk=13d46a2624e0aa4e,"Wilmington, MA, US",MA,N/A,N/A,N/A
156,Controls Engineer,Wunderlich-Malec,https://www.indeed.com/viewjob?jk=92b3b04caf080e7c,"Wilmington, MA, US",MA,N/A,N/A,N/A
157,"Senior Project Manager, Program & Portfolio Management",Arbor Biotechnologies Inc,https://www.indeed.com/viewjob?jk=e87537b62c9aa684,"Cambridge, MA, US",MA,N/A,N/A,N/A
158,"Associate Director, Pipeline Project Management",GSK,https://www.indeed.com/viewjob?jk=b324df87a4b2567d,"Cambridge, MA, US",MA,"$139,425",N/A,N/A
159,"Consultant, PF Services",PerkinElmer,https://www.indeed.com/viewjob?jk=9ade5fef306a9702,"Boston, MA, US",MA,N/A,N/A,N/A
160,Research Scientist I - Toxicology,Charles River Laboratories,https://www.indeed.com/viewjob?jk=7699361fd66a313d,"Shrewsbury, MA, US",MA,"$100,000",N/A,N/A
161,Project Manager- Drywall,DPR Construction,https://www.indeed.com/viewjob?jk=339f4901b11a2774,"Boston, MA, US",MA,N/A,N/A,N/A
162,Bioinformatics Co-op (Fall 2026),WaVe Life Sciences,https://www.indeed.com/viewjob?jk=53339aa7d9ee49b0,"Cambridge, MA, US",MA,N/A,N/A,N/A
163,Area Sales Lead - Southeast,Intellia,https://www.indeed.com/viewjob?jk=cd51392f5a0c2a45,"Cambridge, MA, US",MA,"$231,300",N/A,N/A
164,Patient Access Director - East,Intellia,https://www.indeed.com/viewjob?jk=db758336737d78ba,"Cambridge, MA, US",MA,"$225,000",N/A,N/A
165,Patient Access Liaison - Northeast,Intellia,https://www.indeed.com/viewjob?jk=66aebf3454f9d680,"Cambridge, MA, US",MA,"$193,500",N/A,N/A
166,Patient Access Liaison - Northwest,Intellia,https://www.indeed.com/viewjob?jk=9f4d185efce97214,"Cambridge, MA, US",MA,"$193,500",N/A,N/A
167,Patient Access Director - West,Intellia,https://www.indeed.com/viewjob?jk=3fed1c01ff75f616,"Cambridge, MA, US",MA,"$225,000",N/A,N/A
168,Patient Access Liaison - North Central,Intellia,https://www.indeed.com/viewjob?jk=32e2b3b3677c38de,"Cambridge, MA, US",MA,"$193,500",N/A,N/A
169,Patient Access Liaison - Florida,Intellia,https://www.indeed.com/viewjob?jk=bd4ac2408c30ab1e,"Cambridge, MA, US",MA,"$193,500",N/A,N/A
170,Patient Access Liaison - Mountain,Intellia,https://www.indeed.com/viewjob?jk=633639d50197b123,"Cambridge, MA, US",MA,"$193,500",N/A,N/A
171,Area Sales Lead - Northeast,Intellia,https://www.indeed.com/viewjob?jk=86290f27e46a197c,"Cambridge, MA, US",MA,"$231,300",N/A,N/A
172,Patient Access Liaison - Southeast,Intellia,https://www.indeed.com/viewjob?jk=6adbd5064c73f64b,"Cambridge, MA, US",MA,"$193,500",N/A,N/A
173,Patient Access Liaison - Midwest,Intellia,https://www.indeed.com/viewjob?jk=bf51c9f9e23dae62,"Cambridge, MA, US",MA,"$193,500",N/A,N/A
174,Patient Access Liaison - Southern California,Intellia,https://www.indeed.com/viewjob?jk=55a9662b90edfc8a,"Cambridge, MA, US",MA,"$193,500",N/A,N/A
175,Patient Access Liaison - Texas,Intellia,https://www.indeed.com/viewjob?jk=fd6a2ca5b7598130,"Cambridge, MA, US",MA,"$193,500",N/A,N/A
176,Patient Access Liaison - Mid-Atlantic,Intellia,https://www.indeed.com/viewjob?jk=04b2253628f4a851,"Cambridge, MA, US",MA,"$193,500",N/A,N/A
177,Patient Access Liaison - South Central,Intellia,https://www.indeed.com/viewjob?jk=771beac5e9d8665b,"Cambridge, MA, US",MA,"$193,500",N/A,N/A
178,Area Sales Lead - West,Intellia,https://www.indeed.com/viewjob?jk=75b6339231a8bf7a,"Cambridge, MA, US",MA,"$231,300",N/A,N/A
179,Patient Access Liaison - Northern California,Intellia,https://www.indeed.com/viewjob?jk=9b13e7e8e807054e,"Cambridge, MA, US",MA,"$193,500",N/A,N/A
180,Area Sales Lead - Central,Intellia,https://www.indeed.com/viewjob?jk=a9f2182e985b85f2,"Cambridge, MA, US",MA,"$231,300",N/A,N/A
181,Patient Access Liaison - Ohio Valley,Intellia,https://www.indeed.com/viewjob?jk=4e415acbb91eb029,"Cambridge, MA, US",MA,"$193,500",N/A,N/A
182,QC Analyst I/II -Microbiology,Organogenesis,https://www.indeed.com/viewjob?jk=08349e35b671f7b3,"Norwood, MA, US",MA,"$5,000",N/A,N/A
183,Field Customer Support Specialist 1 - Nexus,Charles River Laboratories,https://www.indeed.com/viewjob?jk=d01f2f460d856db8,"Wilmington, MA, US",MA,"$76,000",N/A,N/A
184,Strategic Account Liaison - South Central,Intellia,https://www.indeed.com/viewjob?jk=765e9cc708c166ae,"Cambridge, MA, US",MA,"$193,500",N/A,N/A
185,Strategic Account Liaison - Southeast,Intellia,https://www.indeed.com/viewjob?jk=1b2d4da8e9210212,"Cambridge, MA, US",MA,"$193,500",N/A,N/A
186,Strategic Account Liaison - Florida,Intellia,https://www.indeed.com/viewjob?jk=3cbb4ef0e62eee7f,"Cambridge, MA, US",MA,"$193,500",N/A,N/A
187,Strategic Account Liaison - Mid-Atlantic,Intellia,https://www.indeed.com/viewjob?jk=aa617f8b30917c5f,"Cambridge, MA, US",MA,"$193,500",N/A,N/A
188,Strategic Account Liaison - Northern California,Intellia,https://www.indeed.com/viewjob?jk=f497a9c3d06c3f2f,"Cambridge, MA, US",MA,"$193,500",N/A,N/A
189,Strategic Accounts Director - West,Intellia,https://www.indeed.com/viewjob?jk=5c57bd1e2a500b2f,"Cambridge, MA, US",MA,"$225,000",N/A,N/A
190,Strategic Account Liaison - Northeast,Intellia,https://www.indeed.com/viewjob?jk=56062edc14154c4c,"Cambridge, MA, US",MA,"$193,500",N/A,N/A
191,Strategic Account Liaison - Northwest,Intellia,https://www.indeed.com/viewjob?jk=6d85ff69083e26c3,"Cambridge, MA, US",MA,"$193,500",N/A,N/A
192,Strategic Account Liaison - Mountain,Intellia,https://www.indeed.com/viewjob?jk=06f616f0c69d3ca4,"Cambridge, MA, US",MA,"$193,500",N/A,N/A
193,"Senior Manager, Commercial Accounting",Intellia,https://www.indeed.com/viewjob?jk=e117eb99e2772864,"Cambridge, MA, US",MA,"$143,300",N/A,N/A
194,Strategic Account Director - East,Intellia,https://www.indeed.com/viewjob?jk=549940bd0428e834,"Cambridge, MA, US",MA,"$225,000",N/A,N/A
195,Strategic Account Liaison - North Central,Intellia,https://www.indeed.com/viewjob?jk=4efbd040f4731ae3,"Cambridge, MA, US",MA,"$193,500",N/A,N/A
196,Strategic Account Liaison - Midwest,Intellia,https://www.indeed.com/viewjob?jk=972545958e20cb41,"Cambridge, MA, US",MA,"$193,500",N/A,N/A
197,Strategic Account Liaison - Ohio Valley,Intellia,https://www.indeed.com/viewjob?jk=2fd9f60086693346,"Cambridge, MA, US",MA,"$193,500",N/A,N/A
198,Strategic Account Liaison - Texas,Intellia,https://www.indeed.com/viewjob?jk=9877ac21ad4217f0,"Cambridge, MA, US",MA,"$193,500",N/A,N/A
199,Strategic Account Liaison - Southern California,Intellia,https://www.indeed.com/viewjob?jk=5f3d1439a05e94ef,"Cambridge, MA, US",MA,"$193,500",N/A,N/A
200,"Sr. Sales Director, BioPharma",BostonGene,https://www.indeed.com/viewjob?jk=ff144fb85fd6cfbf,"Waltham, MA, US",MA,"$150,000",N/A,N/A
201,Regional Sales Director – East,Element Biosciences Inc,https://www.indeed.com/viewjob?jk=3c970b12424c78fd,"Boston, MA, US",MA,"$190,000",N/A,N/A
202,CIO Advisory Supervisor,RSM,https://www.indeed.com/viewjob?jk=94284c7048752e6a,"Boston, MA, US",MA,"$101,000",N/A,N/A
203,"Scientist, Oncology Translational Research",Bristol Myers Squibb,https://www.indeed.com/viewjob?jk=2ded770e6d92611e,"Cambridge, MA, US",MA,"$129,640",N/A,N/A
204,Alternative Energy Sales Specialist,MilliporeSigma,https://www.indeed.com/viewjob?jk=e5a98246dc7d131f,"Burlington, MA, US",MA,"$85,300",N/A,N/A
205,Account Executive,2020 On-site,https://www.indeed.com/viewjob?jk=8bc4b4408fc01e28,"Everett, MA, US",MA,N/A,N/A,N/A
206,"Project Manager, Health Audiences",C Space,https://www.indeed.com/viewjob?jk=52bd8e3f3606a1ac,"Boston, MA, US",MA,"$65,000",N/A,N/A
207,"Senior Healthcare & Life Sciences Solutions Architect, AI Solutions",Amazon Web Services,https://www.indeed.com/viewjob?jk=62248aea4ef0ee5c,"Boston, MA, US",MA,"$138,200",N/A,N/A
208,"Applied Scientist, Special Projects",Amazon.com,https://www.indeed.com/viewjob?jk=6f171373b0432160,"Boston, MA, US",MA,"$136,000",N/A,N/A
209,"Principal Applied Scientist, Amazon Special Projects",Amazon.com,https://www.indeed.com/viewjob?jk=01f1a6d1ac1198c4,"Boston, MA, US",MA,"$179,000",N/A,N/A
210,Project Controls Co-op,"Hargrove Life Sciences, LLC",https://www.indeed.com/viewjob?jk=ddeb167221de75a1,"Philadelphia, PA, US",PA,N/A,N/A,N/A
211,Mechanical Project Engineer MEP- Wayne PA,Bala Consulting Engineers,https://www.indeed.com/viewjob?jk=df16c7b691ca5bec,"Wayne, PA, US",PA,"$5,250",N/A,N/A
212,EVM Project Controller (Cost),IPS-Integrated Project Services,https://www.indeed.com/viewjob?jk=9cb496d34551c918,"Blue Bell, PA, US",PA,N/A,N/A,N/A
213,"Associate Director, Pipeline Project Management",GSK,https://www.indeed.com/viewjob?jk=01517625c7c3f4d8,"Collegeville, PA, US",PA,"$118,800",N/A,N/A
214,EVM Project Controller (Cost),IPS-Integrated Project Services,https://www.indeed.com/viewjob?jk=cf20e9b592c34a49,"Blue Bell, PA, US",PA,N/A,N/A,N/A
215,Project Manager,Concord Engineering Group,https://www.indeed.com/viewjob?jk=a48bf44570dbea33,"Voorhees, NJ, US",NJ,"$125,000",N/A,N/A
216,"Sales Executive - Prenatal - Cherry Hill, NJ",Myriad Genetics,https://www.indeed.com/viewjob?jk=c294aa7ba98861e0,"Cherry Hill, NJ, US",NJ,"$180,000 – $205,000",N/A,N/A
217,"Director, Qualitative Market Research",nan,https://www.indeed.com/viewjob?jk=ddcc82310244127c,"Philadelphia, PA, US",PA,N/A,N/A,N/A
218,"Senior Project Manager, Commercial Construction Mgmt",Scheer Partners,https://www.indeed.com/viewjob?jk=dc6972aff5c5900b,"Philadelphia, PA, US",PA,N/A,N/A,N/A
219,"Vice President, Market Research & AI",nan,https://www.indeed.com/viewjob?jk=5af4c250ca6ef64a,"Philadelphia, PA, US",PA,N/A,N/A,N/A
220,"Cost Manager, Life Sciences, Project & Development Services",Cushman & Wakefield,https://www.indeed.com/viewjob?jk=d3ec116550234876,"Philadelphia, PA, US",PA,N/A,N/A,N/A
221,"Vice President, Market Research",nan,https://www.indeed.com/viewjob?jk=ea12de6cadf2e917,"Yardley, PA, US",PA,N/A,N/A,N/A
222,Commercial Construction Estimator,Greenstar Group,https://www.indeed.com/viewjob?jk=062ece8570085bb9,"Brooklawn, NJ, US",NJ,"$80,000",N/A,N/A
223,"Technical Sales Manager - Life Sciences, Manufacturing; Cell & Gene Therapy",Saint-Gobain,https://www.indeed.com/viewjob?jk=b3def56cce98d567,"Malvern, PA, US",PA,"$102,000",N/A,N/A
224,"Senior Manager/ Associate Director, CMC Commercial Supply Chain","Celldex Therapeutics, Inc.",https://www.indeed.com/viewjob?jk=a7bea531480e4912,"Hampton, NJ, US",NJ,"$133,579",N/A,N/A
225,"Senior Manager/ Associate Director, CMC Commercial Supply Chain","Celldex Therapeutics, Inc.",https://www.indeed.com/viewjob?jk=ac2436f119c0fb13,"Hampton, NJ, US",NJ,"$133,579",N/A,N/A
226,Associate Director - Clinical Research Scientist,Eli Lilly,https://www.indeed.com/viewjob?jk=cfdb4c48740687ce,"Boston, MA, US",MA,"$127,500",N/A,N/A
227,"Scientist, Sterility Assurance",Bristol Myers Squibb,https://www.indeed.com/viewjob?jk=653fa73b44225772,"Summit, NJ, US",NJ,"$83,900",N/A,N/A
228,"Medical Director, Clinical Sciences, MASH/Metabolism (Regeneron Genetics Medicine)",Regeneron,https://www.indeed.com/viewjob?jk=e88143c05bf7e296,"Tarrytown, NY, US",NY,"$284,900",N/A,N/A
229,"Medical Director, Clinical Sciences, MASH/Metabolism (Regeneron Genetics Medicine)",Regeneron,https://www.indeed.com/viewjob?jk=d3656c7e29cff78c,"Tarrytown, NY, US",NY,"$284,900",N/A,N/A
