#,Title,Company,URL,Location,State,Salary
1,Data Scientist,Psychogenics Inc,https://www.indeed.com/viewjob?jk=42e01c7169b5bbac,"Paramus, NJ, US",NJ,N/A
2,L&D Manager,Legend Biotech,https://www.indeed.com/viewjob?jk=3c97e85a06cf0ea6,"Somerset, NJ, US",NJ,N/A
3,Site Civil Engineer,VHB,https://www.indeed.com/viewjob?jk=59fb8e2f5f495ae3,"Manasquan, NJ, US",NJ,"$110,000"
4,Clinical Trial Manager,BioNTech,https://www.indeed.com/viewjob?jk=239392ec5cf265d8,"Berkeley Heights, NJ, US",NJ,"$122,600/year"
5,"Principal Scientist, Clinical Sciences",COMPASS Pathways,https://www.indeed.com/viewjob?jk=36c5be2a89855738,"New York, NY, US",NY,N/A
6,"Director, Global Product Strategy - Lung Cancer Therapies",BioNTech,https://www.indeed.com/viewjob?jk=95ffb5394bd7e4af,"Berkeley Heights, NJ, US",NJ,"$168,100"
7,"Executive Director, Head Trial Analytics, Insights and Planning",Bristol Myers Squibb,https://www.indeed.com/viewjob?jk=4a6aaf25dc3591ec,"Princeton, NJ, US",NJ,"$257,180"
8,"Director, Global Product Strategy - Lung Cancer Therapies",BioNTech,https://www.indeed.com/viewjob?jk=4efde9c9a79f3747,"Berkeley Heights, NJ, US",NJ,"$168,100"
9,Technical Buyer II,PerkinElmer,https://www.indeed.com/viewjob?jk=f12e2f0e5d854ea2,"Woburn, MA, US",MA,N/A
10,"Head, Translational Research and Biomarkers",Novartis,https://www.indeed.com/viewjob?jk=6d89457dea1aa5b9,"Cambridge, MA, US",MA,"$185,500"
11,Director of Creative Services & Marketing Communications (Evident MIS),Evident Scientific,https://www.indeed.com/viewjob?jk=4bd935f64b19c817,"Needham, MA, US",MA,N/A
12,Senior Editor,cradle,https://www.indeed.com/viewjob?jk=97495e04da284237,"Boston, MA, US",MA,N/A
13,"Principal Scientist in Cell, Molecular, and Immunology",GSK,https://www.indeed.com/viewjob?jk=a7343cc70c3a492d,"Cambridge, MA, US",MA,"$115,500"
14,"Director, AI/ML Strategy and Technology Enablement",Takeda Pharmaceuticals,https://www.indeed.com/viewjob?jk=da4e1e5a21d7416f,"Boston, MA, US",MA,"$174,500"
15,"Principal Scientist in Cell, Molecular, and Immunology",GSK,https://www.indeed.com/viewjob?jk=909f61b717ab973f,"Cambridge, MA, US",MA,"$115,500"
16,"Associate Director, Clinical Trials",BioNTech,https://www.indeed.com/viewjob?jk=cd2b82dd6f0d4b61,"Cambridge, MA, US",MA,"$146,300/year"
17,Field Application Scientist Chromatics,GeneData,https://www.indeed.com/viewjob?jk=43c9bb508990dba3,"Lexington, MA, US",MA,"$80,000"
18,"Senior/Principal Scientist, Medicinal Chemistry",nan,https://www.indeed.com/viewjob?jk=f3b246d5531ff557,"Watertown, MA, US",MA,N/A
19,Raven Senior Associate,nan,https://www.indeed.com/viewjob?jk=4c78535472527ebc,"Boston, MA, US",MA,$10
20,Director CTSM Supply Network Alliance Management,BioNTech,https://www.indeed.com/viewjob?jk=88912ec3d8513c63,"Cambridge, MA, US",MA,"$168,100/year"
21,Engineer,Amgen,https://www.indeed.com/viewjob?jk=63fceb044f01ab95,"Cambridge, MA, US",MA,N/A
22,"Associate Principal Scientist, In Vitro Quantitative Biosciences",Merck,https://www.indeed.com/viewjob?jk=8611838ffbcffe20,"Boston, MA, US",MA,"$144,800"
23,Staff / Principal Mechanical Engineer,Lila Sciences,https://www.indeed.com/viewjob?jk=14f25a4c2a9399b1,"Cambridge, MA, US",MA,"$163,400 – $228,000"
24,Lab Automation Engineer,Zifo,https://www.indeed.com/viewjob?jk=9040fbb55bfefe4d,"Cambridge, MA, US",MA,N/A
25,Postdoctoral Research Associate-Translational/Muscle Biology (Murine Models),Northeastern University,https://www.indeed.com/viewjob?jk=8ce7bfcc54853fc2,"Boston, MA, US",MA,"$59,425"
26,"Director, Global Clinical Operations",BioNTech,https://www.indeed.com/viewjob?jk=79d1f7afd4e4d198,"Cambridge, MA, US",MA,"$168,100/year"
27,Senior ML Scientist - Molecular AI,"Novo Nordisk, Inc.",https://www.indeed.com/viewjob?jk=feff188261927c03,"Lexington, MA, US",MA,N/A
28,Client Development Representative - RMS (REMOTE),Charles River Laboratories,https://www.indeed.com/viewjob?jk=b0834eef31789d6e,"Wilmington, MA, US",MA,$21
29,Business Development Manager - Boston,Proteintech Group,https://www.indeed.com/viewjob?jk=a38faa17aafddccf,"Boston, MA, US",MA,"$120,000– $160,000 /year"
30,Pioneering Medicines: Principal Scientist Bioinformatics,"Flagship Pioneering, Inc.",https://www.indeed.com/viewjob?jk=f15e591c56c8520f,"Cambridge, MA, US",MA,$34
31,Regional Sales Manager – HPLC Chromatography Sales,AXCEND,https://www.indeed.com/viewjob?jk=d212bf9040c986c5,"Boston, MA, US",MA,$110
32,Molecular Biology Scientist/Senior Associate Scientist,Legend Biotech,https://www.indeed.com/viewjob?jk=978ed50cd20da9cc,"Philadelphia, PA, US",PA,N/A
33,Process Operator I,Catalent Pharma Solutions,https://www.indeed.com/viewjob?jk=f4421dbcef5201a1,"Malvern, PA, US",PA,N/A
34,Postdoctoral Associate,Rutgers University,https://www.indeed.com/viewjob?jk=d9b34f7e1a8218bd,"Piscataway, NJ, US",NJ,"$63,968"
35,Research Technician I,The Research Foundation for The State University of New York at Stony Brook,https://www.indeed.com/viewjob?jk=b7d9e76c72906849,"Stony Brook, NY, US",NY,"$35,000"
36,Research Technician B,Albert Einstein College of Medicine,https://www.indeed.com/viewjob?jk=6043623b29468790,"Bronx, NY, US",NY,$26
37,Postdoctoral Fellow-MSH-30035-391,Mount Sinai Health System,https://www.indeed.com/viewjob?jk=aeeb395bb2e968d8,"New York, NY, US",NY,$72500
38,"Senior Scientist, Stem Cell Biology - Hematology & Medical Oncology",Mount Sinai Health System,https://www.indeed.com/viewjob?jk=d2aca9e3aba92c24,"New York, NY, US",NY,$58661
39,"Senior Scientist, Megakaryocyte Stem Cell Biology - Hematology & Medical Oncology",Mount Sinai Health System,https://www.indeed.com/viewjob?jk=ebc03c18c7296929,"New York, NY, US",NY,$58661
40,"Associate Director, Precision Medicine",Regeneron,https://www.indeed.com/viewjob?jk=28d4c4785442b32a,"Armonk, NY, US",NY,"$176,100"
41,"Associate Scientist, In Vivo & In Vitro",Regeneron,https://www.indeed.com/viewjob?jk=81f1ddc0bcea9eda,"Tarrytown, NY, US",NY,"$70,300"
42,Technician A,Columbia University,https://www.indeed.com/viewjob?jk=be5fd9a9b7844fdb,"New York, NY, US",NY,"$46,529"
43,Postdoctoral Associate,The Research Foundation for The State University of New York at Stony Brook,https://www.indeed.com/viewjob?jk=86c1fb77886e6f19,"Stony Brook, NY, US",NY,"$53,000"
44,"Research Technician, Lowe Lab",Memorial Sloan Kettering Cancer Center,https://www.indeed.com/viewjob?jk=aeaa460e33fa1e63,"New York, NY, US",NY,$26
45,"Associate Director, Precision Medicine",Regeneron,https://www.indeed.com/viewjob?jk=ea35df626f3895f8,"Armonk, NY, US",NY,"$176,100"
46,"Associate Scientist, In Vivo & In Vitro",Regeneron,https://www.indeed.com/viewjob?jk=f83c4af1c81d8b65,"Tarrytown, NY, US",NY,"$70,300"
47,Research Assistant | Laboratory of Chemistry and Cell Biology,Rockefeller University,https://www.indeed.com/viewjob?jk=2ed8247b3383f212,"New York, NY, US",NY,"$50,000"
48,Part-Time Assistant Research Scientist (Desplan Lab),New York University,https://www.indeed.com/viewjob?jk=cfa102093a70a22f,"New York, NY, US",NY,$19
49,Postdoctoral Associate,Rutgers University,https://www.indeed.com/viewjob?jk=bc926694754104ef,"Piscataway, NJ, US",NJ,"$63,968"
50,Laboratory/Technical Assistant,Rutgers University,https://www.indeed.com/viewjob?jk=81350bccf0366bed,"New Brunswick, NJ, US",NJ,$22
51,Postdoctoral Associate,Hospital for Special Surgery,https://www.indeed.com/viewjob?jk=942dc3d66549026d,"New York, NY, US",NY,$23
52,"Associate Scientist, Keloid & Fibrosis",Regeneron,https://www.indeed.com/viewjob?jk=d697445d7ec36ad4,"Tarrytown, NY, US",NY,"$70,300"
53,Postdoctoral Associate (Rocha Lab),New York University,https://www.indeed.com/viewjob?jk=93827ebfe9c1593c,"New York, NY, US",NY,"$62,500"
54,"Associate Scientist, Keloid & Fibrosis",Regeneron,https://www.indeed.com/viewjob?jk=4ac397875f9742f7,"Tarrytown, NY, US",NY,"$70,300"
55,Research Assistant | Laboratory of Mucosal Immunology,Rockefeller University,https://www.indeed.com/viewjob?jk=b53321847daffbc6,"New York, NY, US",NY,"$50,000"
56,Sample Preparation Scientist,Eurofins,https://www.indeed.com/viewjob?jk=f755b3a102c53031,"South Brunswick Township, NJ, US",NJ,$20
57,Technician B - Celiac Disease Center,Columbia University,https://www.indeed.com/viewjob?jk=bfb7262c5167caae,"New York, NY, US",NY,"$55,112"
58,Technician B - Hematology & Oncology,Columbia University,https://www.indeed.com/viewjob?jk=7ee84690daee67e8,"New York, NY, US",NY,"$55,112"
59,"Research Assistant, Sanjana Lab (STING-req)",New York Genome Center,https://www.indeed.com/viewjob?jk=49cee59122c576a8,"New York, NY, US",NY,"$46,000"
60,"Research Assistant, Sanjana Lab (in vivo)",New York Genome Center,https://www.indeed.com/viewjob?jk=a58b0547a62dd4db,"New York, NY, US",NY,"$46,000"
61,Research Assistant | Laboratory of RNA Structural Biology and Biophysics,Rockefeller University,https://www.indeed.com/viewjob?jk=21434b362c5a667a,"New York, NY, US",NY,"$50,000"
62,Postdoctoral Fellow-MSH-32076-162,Mount Sinai Health System,https://www.indeed.com/viewjob?jk=4dea13a8a9d8443a,"New York, NY, US",NY,"$74,692"
63,Postdoctoral Associate (Multiple Vacancies),Rutgers University,https://www.indeed.com/viewjob?jk=4949d8960c9df75d,"New Brunswick, NJ, US",NJ,"$63,968"
64,2026 Biosciences Internship,Unilever,https://www.indeed.com/viewjob?jk=34935057a5789845,"Englewood Cliffs, NJ, US",NJ,N/A
65,Fall 2026 Co-Op - Immunology Translational Early Development,Bristol Myers Squibb,https://www.indeed.com/viewjob?jk=c89d7f2583517a1e,"Princeton, NJ, US",NJ,$29
66,Laboratory/Technical Assistant - Seasonal,Rutgers University,https://www.indeed.com/viewjob?jk=4594700ccd9ffc45,"Piscataway, NJ, US",NJ,$20
67,"Associate Scientist, Assay Development",Pfizer,https://www.indeed.com/viewjob?jk=61d96dc90d513893,"Cambridge, MA, US",MA,"$60,200"
68,Principal Scientist,Harvard University,https://www.indeed.com/viewjob?jk=ca27ea1873445f29,"Boston, MA, US",MA,N/A
69,"Sr Research Associate, Molecular Biology",TWIST BIOSCIENCE,https://www.indeed.com/viewjob?jk=56bfbba46c1f88fc,"Quincy, MA, US",MA,N/A
70,"Research Scientist, AI/ML Foundational Models",Takeda Pharmaceuticals,https://www.indeed.com/viewjob?jk=5ec9542952f08ba2,"Boston, MA, US",MA,"$111,800"
71,Technical Scientist,Cytiva,https://www.indeed.com/viewjob?jk=189ff8770aae2bc1,"Marlborough, MA, US",MA,"$110,000"
72,Research Technician,Brandeis University,https://www.indeed.com/viewjob?jk=bad75ba54b4a3392,"Waltham, MA, US",MA,"$39,600"
73,2026 Future Talent Program - Research – Chemical Biology- Co-Op,Merck,https://www.indeed.com/viewjob?jk=840ac344a4905795,"Cambridge, MA, US",MA,"$39,600"
74,"2026 Future Talent Program – Discovery Immunology – Co-op (Cambridge, MA)",Merck,https://www.indeed.com/viewjob?jk=015620fc83536dbf,"Cambridge, MA, US",MA,"$39,600"
75,Technical Associate I,Massachusetts Institute of Technology,https://www.indeed.com/viewjob?jk=623a99a150a2ef1a,"Cambridge, MA, US",MA,N/A
76,Research Fellow: Bioassay Development,Biogen,https://www.indeed.com/viewjob?jk=154b2b7b847985f5,"Cambridge, MA, US",MA,"$110,000"
77,"Principal Scientist, Analytical Development",nan,https://www.indeed.com/viewjob?jk=57060a9b11328a03,"Cambridge, MA, US",MA,$30
78,"Postdoctoral researcher Omics, R&D Data Science & Digital Health",Johnson & Johnson,https://www.indeed.com/viewjob?jk=6dbd6faec5d23085,"Cambridge, MA, US",MA,"$79,000"
79,Research Technician,Mass General Brigham,https://www.indeed.com/viewjob?jk=9218f33204028224,"Charlestown, MA, US",MA,$19
80,Postdoctoral Fellow,Mass General Brigham,https://www.indeed.com/viewjob?jk=5b1c533c9ed9e61c,"Boston, MA, US",MA,N/A
81,"Research Associate II/Senior Research Associate, Discovery",CAMP4 Therapeutics,https://www.indeed.com/viewjob?jk=2f65965b15ea5a0c,"Cambridge, MA, US",MA,"$85,000"
82,"Associate Scientist II, Precision Medicine Immunology",AbbVie,https://www.indeed.com/viewjob?jk=336f0f2f74ddc686,"Waltham, MA, US",MA,"$106,870"
83,Research Fellow -- AHA SFRN Cardiovascular Research Fellow (Basic Science Project),Mass General Brigham,https://www.indeed.com/viewjob?jk=42cad7345b7d3ba9,"Charlestown, MA, US",MA,N/A
84,Scientist I - ADA/PK,BioAgilytix Labs,https://www.indeed.com/viewjob?jk=7e98eff1289d3421,"Boston, MA, US",MA,N/A
85,Research Assistant I,Harvard University,https://www.indeed.com/viewjob?jk=9aea3c7ad13789c8,"Boston, MA, US",MA,N/A
86,"Senior Research Associate, Antibody Engineering",Institute for Protein Innovation,https://www.indeed.com/viewjob?jk=16be944347f2810e,"Boston, MA, US",MA,N/A
87,"Vertex Summer Intern 2026, Preclinical Safety Assessment",Vertex Pharmaceuticals,https://www.indeed.com/viewjob?jk=8c129a631bd13064,"Boston, MA, US",MA,$33
88,"Intern, Student",Quest Diagnostics,https://www.indeed.com/viewjob?jk=cf072e6fb78e781f,"Marlborough, MA, US",MA,N/A
89,"Associate Director, Translational Research Hematology R&D",AstraZeneca,https://www.indeed.com/viewjob?jk=c7487b476f74d599,"Waltham, MA, US",MA,"$134,578"
90,"Scientist, Characterization",Thermo Fisher Scientific,https://www.indeed.com/viewjob?jk=a1f783b535ddd9ce,"Framingham, MA, US",MA,$36
91,Scientist I - In Vitro Pharmacology,UCB,https://www.indeed.com/viewjob?jk=5d7b803fb2d30dbe,"Cambridge, MA, US",MA,"$97,600"
92,"Development Scientist III, Viral Vector Analytical Development",Alexion Pharmaceuticals,https://www.indeed.com/viewjob?jk=aed4d2343c8a4fbb,"Boston, MA, US",MA,"$138,392"
93,ELISA Scientist – Analytical Development,Eurofins,https://www.indeed.com/viewjob?jk=33401b548962b719,"Lexington, MA, US",MA,$31
94,"ML Performance Engineer, Drug Discovery",Northeastern University,https://www.indeed.com/viewjob?jk=fdf7032bd52b59c6,"Boston, MA, US",MA,"$75,210"
95,"Scientist, Cell Pharmacology",Merck,https://www.indeed.com/viewjob?jk=881c285e618616b1,"Boston, MA, US",MA,"$96,100"
96,Translational Research Coordinator,Mass General Brigham,https://www.indeed.com/viewjob?jk=3a4f7ae5d2183933,"Boston, MA, US",MA,$19
97,"Vertex Summer Intern 2026, In Vitro, DMPK",Vertex Pharmaceuticals,https://www.indeed.com/viewjob?jk=f24c9eab5eb4baaf,"Boston, MA, US",MA,$35
98,"Director, Chemical Biology, US",GSK,https://www.indeed.com/viewjob?jk=d12940450a059bf6,"Collegeville, PA, US",PA,N/A
99,"Director, Chemical Biology, US",GSK,https://www.indeed.com/viewjob?jk=a8419394f87a530f,"Upper Providence, PA, US",PA,N/A
100,"Analyst II, Quality Control",Resilience,https://www.indeed.com/viewjob?jk=a6f1726c113f0007,"East Norriton, PA, US",PA,"$65,000"
101,"Scientist, Quality Control","Rockland Immunochemicals, Inc.",https://www.indeed.com/viewjob?jk=808226bafeb5eeaf,"Pottstown, PA, US",PA,N/A
102,"Hiring Scientists and Technicians at all levels (BS, MS, PhD)",Biopharmaspec Inc,https://www.indeed.com/viewjob?jk=22909571db1e6851,"Malvern, PA, US",PA,"$50,000"
103,"Research Investigator, Senior",University of Pennsylvania,https://www.indeed.com/viewjob?jk=d9cda48f7207749b,"Philadelphia, PA, US",PA,"$79,500"
104,"Principal Scientist, Omics - R&D Data Science & Digital Health – Neuroscience",Johnson & Johnson,https://www.indeed.com/viewjob?jk=db6754c71b6ee719,"Spring House, PA, US",PA,"$117,000"
105,Research Specialist A/B,University of Pennsylvania,https://www.indeed.com/viewjob?jk=11911336a2bf0c30,"Philadelphia, PA, US",PA,"$44,500"
106,"Senior, Research Investigator",University of Pennsylvania,https://www.indeed.com/viewjob?jk=32a03e0ca8cb8296,"Philadelphia, PA, US",PA,"$79,500"
107,"Distinguished Scientist, Translational Safety",Johnson & Johnson,https://www.indeed.com/viewjob?jk=3ac3fe7d0b9eba76,"Spring House, PA, US",PA,"$164,000"
108,Research Postdoctoral Fellow - Grant & Sengupta Labs,Children's Hospital of Philadelphia,https://www.indeed.com/viewjob?jk=22ef785c4f3217b9,"Philadelphia, PA, US",PA,"$20,800"
109,"Sr. Principal Scientist, Neurodegeneration",GSK,https://www.indeed.com/viewjob?jk=86b179830ef7c240,"Collegeville, PA, US",PA,N/A
110,R&D Novel CAR Intern/Co-Op,Legend Biotech,https://www.indeed.com/viewjob?jk=61a59adbbbeb521f,"Philadelphia, PA, US",PA,N/A
111,"Sr. Principal Scientist, Neurodegeneration",GSK,https://www.indeed.com/viewjob?jk=df8e04290777682c,"Upper Providence, PA, US",PA,N/A
112,Research Specialist A/B,University of Pennsylvania,https://www.indeed.com/viewjob?jk=1180a0b328513da4,"Philadelphia, PA, US",PA,"$44,500"
113,"Assistant Scientist/Lab Technician/Lab Manager Temple University School of Medicine, Philadelphia",Temple University,https://www.indeed.com/viewjob?jk=5326defa9efbae33,"Philadelphia, PA, US",PA,$23
114,Post Doctoral Fellow - Lab of Dr. Ya-Ming Hou,Thomas Jefferson University & Jefferson Health,https://www.indeed.com/viewjob?jk=0d2097333747ddb5,"Philadelphia, PA, US",PA,N/A
115,R&D Intern,Legend Biotech,https://www.indeed.com/viewjob?jk=01d487bd22c0c3be,"Philadelphia, PA, US",PA,N/A
116,R&D Intern,Legend Biotech,https://www.indeed.com/viewjob?jk=74abd4bf55afedce,"Philadelphia, PA, US",PA,N/A
117,Supervising Research Scientist,Rutgers University,https://www.indeed.com/viewjob?jk=90d8597d2de1b346,"New Brunswick, NJ, US",NJ,N/A
118,Bioethics Research Coordinator,Columbia University,https://www.indeed.com/viewjob?jk=a4ff40885843204e,"New York, NY, US",NY,"$66,300"
119,Senior Technician - Hematology & Oncology,Columbia University,https://www.indeed.com/viewjob?jk=4c5c9dc2a75bfb94,"New York, NY, US",NY,"$61,692"
120,Mobile Phlebotomist (Independent Contractor),"Biodesix, Inc.",https://www.indeed.com/viewjob?jk=918fcfe7961f8b57,"Clifton, NJ, US",NJ,N/A
121,Mobile Phlebotomist (Independent Contractor),"Biodesix, Inc.",https://www.indeed.com/viewjob?jk=6bacbe20a9b28757,"Morristown, NJ, US",NJ,N/A
122,Bioinformatician II- Tisch Cancer Institute BiNGS Core,Mount Sinai Health System,https://www.indeed.com/viewjob?jk=bd6f16ab95cb43db,"New York, NY, US",NY,$65885
123,Postdoctoral Associate (Abreu Lab),New York University,https://www.indeed.com/viewjob?jk=fcbe972f71851f9c,"New York, NY, US",NY,"$62,500"
124,"Oligonucleotide Scientist I, Process Development",Editas Medicine,https://www.indeed.com/viewjob?jk=95fd8d4d165eace0,"Cambridge, MA, US",MA,"$115,000"
125,"Scientist I, Analytical Sciences",Editas Medicine,https://www.indeed.com/viewjob?jk=ebac1d4eab78b415,"Cambridge, MA, US",MA,"$115,000"
126,"Associate Scientist, Postdoctoral Fellow- Data Science for Multi-omics and Biomarker Modelling in Neuroscience",Merck,https://www.indeed.com/viewjob?jk=6f231a7e8b47f7a4,"Cambridge, MA, US",MA,N/A
127,Quality Control Analyst I,LGC,https://www.indeed.com/viewjob?jk=56bd99dd71f7e6de,"Milford, MA, US",MA,$28
128,Machine Learning Software Engineer,nan,https://www.indeed.com/viewjob?jk=5adf1b3bef3eeb0f,"Cambridge, MA, US",MA,$30
129,"Senior Manager, Clinical Biomarker Operations",Apogee Therapeutics,https://www.indeed.com/viewjob?jk=8345209181a4c1f2,"Boston, MA, US",MA,"$160,000"
130,Associate Computational Biologist,Dana-Farber Cancer Institute,https://www.indeed.com/viewjob?jk=ebf664dbd48ae3a1,"Boston, MA, US",MA,"$60,000"
131,Consumer Product Testing Analytical Director,Eurofins,https://www.indeed.com/viewjob?jk=11f7a5e28394611e,"Norwood, MA, US",MA,$100k
132,Specimen Processing Specialist I,Fulgent Therapeutics,https://www.indeed.com/viewjob?jk=220e2ffc5db9339d,"Needham, MA, US",MA,N/A
133,"Associate Director, US Analytics (Heme-Oncology)",SERVIER,https://www.indeed.com/viewjob?jk=e21d22970fe0dd58,"Boston, MA, US",MA,$160k
134,Bioanalytical Chemist,Eurofins,https://www.indeed.com/viewjob?jk=3ece8968ac89ae52,"Andover, MA, US",MA,$26
135,Senior Clinical Research Coordinator- Angelman Syndrome,Boston Children's Hospital,https://www.indeed.com/viewjob?jk=b14ad202855f0443,"Boston, MA, US",MA,$58676
136,Clinical Research Assistant- Angelman Syndrome,Boston Children's Hospital,https://www.indeed.com/viewjob?jk=7acfdef2ecc415e1,"Boston, MA, US",MA,$41246
137,Scientific Team Lead – Analytical Biochemistry,Eurofins,https://www.indeed.com/viewjob?jk=81a01a7dd13055e4,"Cambridge, MA, US",MA,$34
138,Postdoctoral Research Fellow - Crompton Lab,Dana-Farber Cancer Institute,https://www.indeed.com/viewjob?jk=fe8d1b0ef7ddb97f,"Boston, MA, US",MA,"$72,000"
139,Bioprocess Analytical Chemist (Purification Process Support),Eurofins,https://www.indeed.com/viewjob?jk=23f0cc71377effd3,"Andover, MA, US",MA,$27
140,Faculty Positions - HIV Cure and Viral Diseases Center,The Wistar Institute,https://www.indeed.com/viewjob?jk=fd4785069a3950cc,"Philadelphia, PA, US",PA,N/A
141,Clinical Research Coordinator A,University of Pennsylvania,https://www.indeed.com/viewjob?jk=d4f4d2c2c7f11780,"Philadelphia, PA, US",PA,"$46,500"
142,Research Post Doc - Zhou Lab,Children's Hospital of Philadelphia,https://www.indeed.com/viewjob?jk=800fa2c6d53e6997,"Philadelphia, PA, US",PA,"$20,800"
143,Upstream Process Scientist - Ambr250 (Weekends),Eurofins,https://www.indeed.com/viewjob?jk=2a0aa8b47e789b18,"Malvern, PA, US",PA,N/A
144,Tecan/Hamilton Liquid Handler Associate - Lab Automation,Eurofins,https://www.indeed.com/viewjob?jk=859737fc7145806d,"West Point, PA, US",PA,N/A
145,Salesforce Senior Consultant,Deloitte,https://www.indeed.com/viewjob?jk=1563d4edbe708ede,"Morristown, NJ, US",NJ,"$113,300"
146,Salesforce Senior Consultant,Deloitte,https://www.indeed.com/viewjob?jk=16ca364f7645a226,"New York, NY, US",NY,"$113,300"
147,Salesforce Senior Consultant,Deloitte,https://www.indeed.com/viewjob?jk=14dfff9a45907900,"Princeton, NJ, US",NJ,"$113,300"
148,Salesforce Senior Consultant,Deloitte,https://www.indeed.com/viewjob?jk=4727d05cd8640f85,"Jersey City, NJ, US",NJ,"$113,300"
149,Electrical Engineer,CMTA Consulting Engineers,https://www.indeed.com/viewjob?jk=7cc0ff2ad7d32d68,"Madison, NJ, US",NJ,N/A
150,Senior Electrical Engineer,CMTA Consulting Engineers,https://www.indeed.com/viewjob?jk=90cdcb37b7730a43,"Madison, NJ, US",NJ,N/A
151,Commercial Banker - Innovation Economy Portfolio Debt Solutions - Vice President,JPMorganChase,https://www.indeed.com/viewjob?jk=7768709e0e0d4888,"New York, NY, US",NY,N/A
152,Marketing Operations Specialist,Bausch & Lomb,https://www.indeed.com/viewjob?jk=0fb3d1222cba9628,"Bridgewater, NJ, US",NJ,"$75,000"
153,"Project Manager, Pharmaceutical Marketing",Bausch & Lomb,https://www.indeed.com/viewjob?jk=45f876e59fbf8de8,"Bridgewater, NJ, US",NJ,"$75,000"
154,Systems Administrator & Support Lead,Safehold Inc.,https://www.indeed.com/viewjob?jk=59f3ac8b18a8b1b9,"New York, NY, US",NY,"$130,000"
155,"Specialty Representative-Dermatology - New Brunswick, NJ",Amgen,https://www.indeed.com/viewjob?jk=75870924b63b7e44,"New Brunswick, NJ, US",NJ,"$122,219"
156,Principal Software Engineer – Forward Deployed,Pfizer,https://www.indeed.com/viewjob?jk=eb5728e4335c93d1,"New York, NY, US",NY,"$162,900"
157,Senior Analyst – Life Science Consulting,Inizio Engage,https://www.indeed.com/viewjob?jk=52dbb8659d6c23b4,"Newark, NJ, US",NJ,"$90,000"
158,Consultant – Life Science Consulting,Inizio Engage,https://www.indeed.com/viewjob?jk=ea24a3929fadac76,"Hanover, NJ, US",NJ,N/A
159,Principal – Life Science Consulting,Inizio Engage,https://www.indeed.com/viewjob?jk=0a501bf29b7a4254,"Newark, NJ, US",NJ,$2
160,Senior Analyst – Life Science Consulting,Inizio Engage,https://www.indeed.com/viewjob?jk=61d8606ae439d882,"Hanover, NJ, US",NJ,"$90,000"
161,Life Science Consulting Manager – Hub Strategy,Inizio Engage,https://www.indeed.com/viewjob?jk=c1d1febacd92741f,"Newark, NJ, US",NJ,"$150,000"
162,Senior Analyst – Life Science Consulting,Inizio Engage,https://www.indeed.com/viewjob?jk=4db9546f55c3bf20,"Elizabeth, NJ, US",NJ,"$90,000"
163,Principal – Life Science Consulting,Inizio Engage,https://www.indeed.com/viewjob?jk=b56ad5351a5ae8de,"Hanover, NJ, US",NJ,$2
164,Consultant – Life Science Consulting,Inizio Engage,https://www.indeed.com/viewjob?jk=86322ccaeb86f418,"Newark, NJ, US",NJ,N/A
165,Life Science Consulting Manager – Hub Strategy,Inizio Engage,https://www.indeed.com/viewjob?jk=3cef1c9857e7c537,"Elizabeth, NJ, US",NJ,"$150,000"
166,Consultant – Life Science Consulting,Inizio Engage,https://www.indeed.com/viewjob?jk=a76ddd5f8279dd50,"Elizabeth, NJ, US",NJ,N/A
167,"Blackstone Operating Team, Vice President, Spend Management",Blackstone,https://www.indeed.com/viewjob?jk=a49cdc60107a3165,"New York, NY, US",NY,$1
168,"Blackstone Credit & Insurance, ABF Associate",Blackstone,https://www.indeed.com/viewjob?jk=fba7fe4c03bb8091,"New York, NY, US",NY,$1
169,Blackstone Credit & Insurance(BXCI) - Fund Operations - Insurance - Vice President,Blackstone,https://www.indeed.com/viewjob?jk=73d8d102b65d1010,"New York, NY, US",NY,$1
170,Carried Interest & Co-Investment Financial Associate,Blackstone,https://www.indeed.com/viewjob?jk=3c805e369afaa20b,"New York, NY, US",NY,$1
171,Blackstone Credit & Insurance(BXCI) - Treasury & Liquidity Management - Assistant Vice President,Blackstone,https://www.indeed.com/viewjob?jk=2fe7ee432d044217,"New York, NY, US",NY,$1
172,Head of Stemline Quality Operations (Executive Director),Menarini,https://www.indeed.com/viewjob?jk=1469ec28293d71bb,"New York, NY, US",NY,"$291,947"
173,Principal Enterprise Architect (Remote),IQVIA,https://www.indeed.com/viewjob?jk=70fb08e5de109f80,"Wayne, NJ, US",NJ,"$118,100"
174,"Senior Analyst, FP&A",CVS Health,https://www.indeed.com/viewjob?jk=b2d08568d4ba8ad0,"New York, NY, US",NY,"$50,188"
175,Director of Capital Projects,Hines,https://www.indeed.com/viewjob?jk=2f27e613e458e0bc,"New York, NY, US",NY,"$207,900"
176,Anatomic Pathology/Histology Lab Manager,Allied Digestive Health,https://www.indeed.com/viewjob?jk=53596466d0c3de33,"West Long Branch, NJ, US",NJ,N/A
177,"Managing Director, Software Engineering",West Monroe,https://www.indeed.com/viewjob?jk=d3d60d82d683c60d,"New York, NY, US",NY,"$280,000"
178,"QC Testing Assistant Researcher, Protein",GenScript ProBio,https://www.indeed.com/viewjob?jk=4ea4ab0eb0cbcb79,"Piscataway, NJ, US",NJ,"$60,000"
179,Documentation Solutions Architect - REMOTE,Beckman Coulter Life Sciences,https://www.indeed.com/viewjob?jk=68902ddebba8359e,"New York, NY, US",NY,"$100,000"
180,HOSPITALITY AND FACILITIES SPECIALIST (FULL TIME),ESFM,https://www.indeed.com/viewjob?jk=999199cc929c1dcf,"New York, NY, US",NY,$31
181,OFFICE CLERK (FULL TIME),ESFM,https://www.indeed.com/viewjob?jk=423eb611bfd87927,"New York, NY, US",NY,$30
182,Paralegal - Immigration,nan,https://www.indeed.com/viewjob?jk=9d466110fcf7ddfe,"New York, NY, US",NY,N/A
183,IT Infrastructure Service Specialist (Contract),Legend Biotech,https://www.indeed.com/viewjob?jk=eafd846431e68001,"Raritan, NJ, US",NJ,N/A
184,Delivery Solutions Architect Manager – Healthcare & Life Sciences (HLS),Databricks,https://www.indeed.com/viewjob?jk=0e99ff706e8ee79c,"New York, NY, US",NY,N/A
185,"Senior Director, Customer Engagement Data Science & AI Engineering Lead",Bristol Myers Squibb,https://www.indeed.com/viewjob?jk=cd0ea29fba647446,"Princeton, NJ, US",NJ,"$229,500"
186,Principal Cloud Architect – DevIQ (Remote),IQVIA,https://www.indeed.com/viewjob?jk=cbe9df7a3a5fa9b7,"Wayne, NJ, US",NJ,"$118,100"
187,Project Lead - National,IQVIA,https://www.indeed.com/viewjob?jk=46f472563b11543a,"New York, NY, US",NY,"$160,000"
188,"Clinical Research Associate, Full Service",IQVIA,https://www.indeed.com/viewjob?jk=2d7866f4f8f1f93f,"Parsippany-Troy Hills, NJ, US",NJ,"$47,400"
189,Healthcare Strategy Consultant,Career Launch AI,https://www.indeed.com/viewjob?jk=7d27ef0b4bd3513a,"New York, NY, US",NY,"$95,000 – $145,000"
190,Healthcare Strategy Consultant,Career Launch AI,https://www.indeed.com/viewjob?jk=41cee9ac700f3461,"New York, NY, US",NY,"$95,000 – $145,000"
191,Healthcare Investment Banking Analyst / Associate,Career Launch AI,https://www.indeed.com/viewjob?jk=e3c8eb370be046c4,"New York, NY, US",NY,"$150,000 – $250,000"
192,Product Stewardship and Data Manager,Edgewell Personal Care,https://www.indeed.com/viewjob?jk=5e6ccfd72adbf6f7,"Allendale, NJ, US",NJ,"$112,000"
193,Project Director ( Retail),"JRM Construction Management, LLC",https://www.indeed.com/viewjob?jk=c4147fca9a50b48c,"New York, NY, US",NY,"$225,000"
194,Life Science-Biology Teacher,iLearn Schools,https://www.indeed.com/viewjob?jk=e68d2e9fe2c24ece,"Hackensack, NJ, US",NJ,"$64,500"
195,"VP, Global Advanced Wound Care Strategy & Development",Convatec,https://www.indeed.com/viewjob?jk=eb739989b2c0c357,"Bridgewater, NJ, US",NJ,$2
196,"Commercial Marketing Manager, East Coast",Cytiva,https://www.indeed.com/viewjob?jk=2bbb8f78893ac930,"New York, NY, US",NY,"$100,000"
197,"Director, Procurement - Biochemistries",Danaher,https://www.indeed.com/viewjob?jk=ec4ac198aef60710,"New York, NY, US",NY,$1
198,Chart Retrieval Specialist - Brooklyn (NY) HYBRID,Datavant,https://www.indeed.com/viewjob?jk=32a5cc5d9576d0f1,"Brooklyn, NY, US",NY,$19
199,Customs Trade Compliance Expert,GenScript ProBio,https://www.indeed.com/viewjob?jk=d32b3db8732c16f3,"Piscataway, NJ, US",NJ,"$85,000"
200,"Courier, Environment Testing, Edison NJ",Eurofins,https://www.indeed.com/viewjob?jk=0e271bdf4054c180,"Edison, NJ, US",NJ,$17
201,Trainee Market Research Executive - US Graduate 2026,Healthcare Research Worldwide,https://www.indeed.com/viewjob?jk=9c7a11b84c0c20e8,"Manhattan, NY, US",NY,"$60,000"
202,USA - Consulting - Risk - Digital Risk - Staff,EY,https://www.indeed.com/viewjob?jk=a41c71cdcc70beaa,"New York, NY, US",NY,"$78,000"
203,frog - Senior Service Designer,Capgemini,https://www.indeed.com/viewjob?jk=0f458ee0f49de7ed,"New York, NY, US",NY,"$112,000"
204,Product Development - Digital Engineering - Senior Associate,PwC,https://www.indeed.com/viewjob?jk=4c767dd28ba81180,"Florham Park, NJ, US",NJ,"$77,000"
205,Product Development - Digital Engineering - Senior Associate,PwC,https://www.indeed.com/viewjob?jk=657ed6ed6bbba189,"New York, NY, US",NY,"$77,000"
206,"Specialty Representative/Senior Specialty Representative - Bone Health - Jersey City, NJ",Amgen,https://www.indeed.com/viewjob?jk=9d637ba881ec4bbd,"Jersey City, NJ, US",NJ,"$91,720"
207,Operations Manager,AIT Worldwide Logistics,https://www.indeed.com/viewjob?jk=d2c3aaabdf95106d,"Secaucus, NJ, US",NJ,"$70,040"
208,District Manager - Water,Ecolab,https://www.indeed.com/viewjob?jk=28da5cd45a685055,"New York, NY, US",NY,"$142,100"
209,Business Operations and Analytics Intern - US Market Commercial,Genmab,https://www.indeed.com/viewjob?jk=c0e5252cd12df555,"Princeton, NJ, US",NJ,N/A
210,"Director, Patent Attorney",Regeneron,https://www.indeed.com/viewjob?jk=311609fe0a22e45c,"Tarrytown, NY, US",NY,"$205,000"
211,"Director, Enterprise Architecture - Commercial",Pfizer,https://www.indeed.com/viewjob?jk=1204d1da38f0433b,"New York, NY, US",NY,"$162,900"
212,"Full-Stack Developer, Associate - Corporate Finance",Blackstone,https://www.indeed.com/viewjob?jk=5b5cfa3d57ea92cc,"New York, NY, US",NY,$1
213,"Vice President, Real Estate (Public Relations)",Rubenstein,https://www.indeed.com/viewjob?jk=b6c48d1c1bc223b4,"New York, NY, US",NY,"$100,000"
214,MedTech Field Service Technician - Eastcoast,IQVIA,https://www.indeed.com/viewjob?jk=91d6009aed4de2cd,"New York, NY, US",NY,N/A
215,"Manager, Editorial Operations",Goodwin Procter LLP,https://www.indeed.com/viewjob?jk=c018fcb31f4eae9b,"New York, NY, US",NY,"$103,700"
216,Senior Informatics Technical Specialist - East Coast - Weekly Overnight Travel,Beckman Coulter Diagnostics,https://www.indeed.com/viewjob?jk=63cafc59d9aa01a4,"New York, NY, US",NY,$36
217,"Imaging Sales Specialist - NYC, CT",Leica Microsystems,https://www.indeed.com/viewjob?jk=1c88325c18185861,"New York, NY, US",NY,"$85,000"
218,Field Service Coordinator,Beckman Coulter Diagnostics,https://www.indeed.com/viewjob?jk=a845bb737a043003,"New York, NY, US",NY,$24
219,Private Equity Fund Administrator - Supervisor,RSM,https://www.indeed.com/viewjob?jk=a81d95e9ea9c1053,"New York, NY, US",NY,"$81,400"
220,Accounting and Finance Consulting Senior Associate - Public Company Solutions,RSM,https://www.indeed.com/viewjob?jk=266f3f83f8b96cef,"New York, NY, US",NY,"$69,800"
221,JANITOR (PART TIME),ESFM,https://www.indeed.com/viewjob?jk=c07f9ec867ff7ed1,"Clark, NJ, US",NJ,$16
222,AQUARIST 1,Merlin Entertainments,https://www.indeed.com/viewjob?jk=2666f105f8f16f96,"East Rutherford, NJ, US",NJ,$22
223,"Sales Executive - Hereditary Cancer Screening - New Brunswick, NJ",Myriad Genetics,https://www.indeed.com/viewjob?jk=92e267e29b5ae014,"New Brunswick, NJ, US",NJ,"$180,000 – $205,000 annually"
224,"Sales Executive - Hereditary Cancer Screening - Spring Valley, NY",Myriad Genetics,https://www.indeed.com/viewjob?jk=35d329235e2832d7,"Spring Valley, NY, US",NY,"$180,000 – $205,000 annually"
225,"Sales Executive - Prenatal - Jersey City, NJ",Myriad Genetics,https://www.indeed.com/viewjob?jk=4346816dec41fe30,"Jersey City, NJ, US",NJ,"$180,000 – $205,000 annually"
226,"Sales Executive - Hereditary Cancer Screening - Brooklyn, NY",Myriad Genetics,https://www.indeed.com/viewjob?jk=27c89d768c2e2593,"Brooklyn, NY, US",NY,"$180,000 – $205,000 annually"
227,"Sales Executive - Hereditary Cancer Screening - Long Island/West, NY",Myriad Genetics,https://www.indeed.com/viewjob?jk=5da44d360d683243,"Brooklyn, NY, US",NY,"$180,000 – $205,000 annually"
228,"Clinical Sales Specialist, Structural Heart, TEER (NYC - Manhattan)",Abbott,https://www.indeed.com/viewjob?jk=4f3e199790cf5638,"Manhattan, NY, US",NY,"$78,000"
229,"Associate Director, Medical Strategy",EVERSANA,https://www.indeed.com/viewjob?jk=128fd3538d499ffc,"New York, NY, US",NY,N/A
230,Senior IT Program Manager,Morris Technology Solutions,https://www.indeed.com/viewjob?jk=336dcf935ca059cf,"Nutley, NJ, US",NJ,N/A
231,Outpatient Coder SDS/OBS PRN,Datavant,https://www.indeed.com/viewjob?jk=c2ac70aa071462db,"New York, NY, US",NY,$20
232,Construction Scheduler I,"JRM Construction Management, LLC",https://www.indeed.com/viewjob?jk=d6a7adf9a3896b16,"New York, NY, US",NY,"$80,000"
233,"Executive Assistant (U.S. - China Practice Group) (Temporary) (New York, NY) (#4035)",Dorsey & Whitney,https://www.indeed.com/viewjob?jk=36b80949a9962999,"New York, NY, US",NY,$41
234,"Associate Consultant, Healthcare & Analytics Strategy Consulting",IQVIA,https://www.indeed.com/viewjob?jk=82041f8fef1230bb,"New York, NY, US",NY,"$60,000"
235,"Associate Director, Business Development - Medical & Scientific Communications",IQVIA,https://www.indeed.com/viewjob?jk=b441bda573ec9439,"New York, NY, US",NY,"$89,600"
236,"Associate Director, Business Development - Medical & Scientific Communications",IQVIA,https://www.indeed.com/viewjob?jk=6ec7c94229b3c0cf,"Wayne, NJ, US",NJ,"$89,600"
237,"Director, Patent Attorney",Regeneron,https://www.indeed.com/viewjob?jk=afbfafbee7f921fd,"Tarrytown, NY, US",NY,"$205,000"
238,"Senior Healthcare & Life Sciences Solutions Architect, AI Solutions",Amazon Web Services,https://www.indeed.com/viewjob?jk=681b42b967082338,"New York, NY, US",NY,"$138,200/year"
239,"Principal ProServe Cloud Architect, WWPS ProServe Healthcare & Life Sciences, WWPS-HCLS",Amazon Web Services,https://www.indeed.com/viewjob?jk=b867c17aff42bee0,"Jersey City, NJ, US",NJ,N/A
240,"WW Lead, Healthcare & Life Sciences GTM, AI Solutions",Amazon Web Services,https://www.indeed.com/viewjob?jk=5408d5bf6b7d001b,"New York, NY, US",NY,"$174,300/year"
241,"Strategic Customer Engagements, GTM Deal Lead, GDSP",Amazon Web Services,https://www.indeed.com/viewjob?jk=d9914915714ca606,"New York, NY, US",NY,"$153,000/year"
242,"Sr. ProServe Account Executive, WWPS Healthcare & Life Sciences",Amazon Web Services,https://www.indeed.com/viewjob?jk=a3b82b6895e253ff,"Jersey City, NJ, US",NJ,"$138,200/year"
243,Principal – Life Science Consulting,Inizio Engage,https://www.indeed.com/viewjob?jk=a9b0effcc53c6b21,"Elizabeth, NJ, US",NJ,$2
244,Salesforce Senior Consultant,Deloitte,https://www.indeed.com/viewjob?jk=db2d2b6abe3118b6,"Boston, MA, US",MA,"$113,300"
245,Inside Sales/ Revenue Operations Specialist,MarathonLS,https://www.indeed.com/viewjob?jk=f8f624085d37ecdb,"Norwood, MA, US",MA,"$70,000"
246,"Scientist, Oncology Translational Research",Bristol Myers Squibb,https://www.indeed.com/viewjob?jk=2ded770e6d92611e,"Cambridge, MA, US",MA,"$129,640"
247,Senior Electrical Engineer,CMTA Consulting Engineers,https://www.indeed.com/viewjob?jk=8ac95e390a58fbc2,"Framingham, MA, US",MA,N/A
248,Senior IT Consultant,Pliancy,https://www.indeed.com/viewjob?jk=09cf3d814c105a0f,"Boston, MA, US",MA,"$95,000–$115,000 per year"
249,Cagewash Technician,Charles River Laboratories,https://www.indeed.com/viewjob?jk=e145191a6e92f712,"Shrewsbury, MA, US",MA,$20
250,Laboratory Assistant I - Sample Management,Charles River Laboratories,https://www.indeed.com/viewjob?jk=7e9e6d9c10c29e0f,"Shrewsbury, MA, US",MA,$21
251,Senior Business Development Manager,Ropes & Gray LLP,https://www.indeed.com/viewjob?jk=4070c091542f0df0,"Boston, MA, US",MA,"$180,700"
252,"Sr Director, Sales Enablement -Chemical Analysis Division",Thermo Fisher Scientific,https://www.indeed.com/viewjob?jk=473e130b6cceb102,"Waltham, MA, US",MA,$40
253,Customer Care Specialist,Vizgen,https://www.indeed.com/viewjob?jk=34b36fb3d7c73607,"Cambridge, MA, US",MA,N/A
254,GMP FACILITIES DIRECTOR,ESFM,https://www.indeed.com/viewjob?jk=26283ecf14212ffe,"Wilmington, MA, US",MA,"$90,000"
255,Vice President Sterility Assurance,GSK,https://www.indeed.com/viewjob?jk=2dcc4ed13045bec9,"Waltham, MA, US",MA,"$225,000"
256,"Principal, Scientific Statistical Programming",CSL,https://www.indeed.com/viewjob?jk=6d7deecc3615c35f,"Waltham, MA, US",MA,N/A
257,Alternative Energy Sales Specialist,MilliporeSigma,https://www.indeed.com/viewjob?jk=e5a98246dc7d131f,"Burlington, MA, US",MA,"$85,300"
258,"Senior Director, Real World Data Methodologies and Solutions",EMD Serono,https://www.indeed.com/viewjob?jk=4da7089dd8f675c2,"Billerica, MA, US",MA,"$234,800"
259,Field Application Scientist,Sony,https://www.indeed.com/viewjob?jk=a31f494fd81d7278,"Boston, MA, US",MA,"$110,000"
260,Building Engineer,Lincoln Property Company,https://www.indeed.com/viewjob?jk=1a5a17bcfb14d52b,"Cambridge, MA, US",MA,N/A
261,Building Engineer,Lincoln Property Company,https://www.indeed.com/viewjob?jk=3a71f68fd667432f,"Boston, MA, US",MA,N/A
262,Financial Analyst,Ropes & Gray LLP,https://www.indeed.com/viewjob?jk=6d3c787a831d92c1,"Boston, MA, US",MA,"$77,000"
263,Credit Assistant,Ropes & Gray LLP,https://www.indeed.com/viewjob?jk=900c5fb61484110d,"Boston, MA, US",MA,"$52,600"
264,Educator Advisor,The Possible Zone,https://www.indeed.com/viewjob?jk=d759da95ce93699f,"Lawrence, MA, US",MA,N/A
265,"Associate, Life Science",Alexandria Real Estate Equities,https://www.indeed.com/viewjob?jk=3bc5bf00149bd1ec,"Boston, MA, US",MA,"$150,000"
266,"Clinical Scientist, Clinical Development",nan,https://www.indeed.com/viewjob?jk=a3a8a46fe9388e13,"Waltham, MA, US",MA,"$140,000"
267,Account Executive,2020 On-site,https://www.indeed.com/viewjob?jk=8bc4b4408fc01e28,"Everett, MA, US",MA,N/A
268,Global Strategic Account Director,Cytiva,https://www.indeed.com/viewjob?jk=87b445ba8367649b,"Boston, MA, US",MA,"$150,000"
269,"FP&A Analyst, Global (Evident MIS)",Evident Scientific,https://www.indeed.com/viewjob?jk=f4a467d5311e76a4,"Needham, MA, US",MA,N/A
270,"FP&A Director, Global (Evident MIS)",Evident Scientific,https://www.indeed.com/viewjob?jk=d82161cf717a2d8d,"Needham, MA, US",MA,N/A
271,HCP Marketing Manager,Fresenius Medical Care,https://www.indeed.com/viewjob?jk=268a09e9be62e451,"Lawrence, MA, US",MA,"$79,600"
272,HCP Marketing Manager - Education,Fresenius Medical Care,https://www.indeed.com/viewjob?jk=68fe14b7e2dc257a,"Lawrence, MA, US",MA,"$79,600"
273,METROLOGY TECHNICIAN (FULL TIME),ESFM,https://www.indeed.com/viewjob?jk=daa17a4397c137a0,"Waltham, MA, US",MA,$40
274,Sr. Consultant - Life Sciences,Tiger Analytics,https://www.indeed.com/viewjob?jk=9420523a55c3330f,"Boston, MA, US",MA,N/A
275,Senior Consultant – Healthcare & Life Sciences - Commercial Strategy,Simon-Kucher & Partners,https://www.indeed.com/viewjob?jk=45eb95300cc5b9c0,"Boston, MA, US",MA,"$105,000"
276,Experienced Consultant – Healthcare & Life Sciences - Commercial Strategy,Simon-Kucher & Partners,https://www.indeed.com/viewjob?jk=30867b71f10665b2,"Boston, MA, US",MA,"$105,000"
277,Senior Medical Writer,Synaptiq Health,https://www.indeed.com/viewjob?jk=5e1332e1f627e8b2,"Boston, MA, US",MA,N/A
278,Account Director,Synaptiq Health,https://www.indeed.com/viewjob?jk=29ae18c39fa23f3c,"Boston, MA, US",MA,N/A
279,"Executive Director, Talent Management and HR Strategy","Apellis Pharmaceuticals, Inc.",https://www.indeed.com/viewjob?jk=e8e6ef813e17ea56,"Waltham, MA, US",MA,"$249,500"
280,Pharmaceutical Reference Librarian,Copyright Clearance Center,https://www.indeed.com/viewjob?jk=4704ea24e49e09b9,"Cambridge, MA, US",MA,"$95,000"
281,Quality/Regulatory Manager,Analog Devices,https://www.indeed.com/viewjob?jk=b74fbf3a9ecd2852,"Wilmington, MA, US",MA,$9
282,Senior Project Manager - Life Sciences - Pharmaceuticals - Biotech,Northstar Project and Real Estate Services,https://www.indeed.com/viewjob?jk=bb6d905af850636d,"Cambridge, MA, US",MA,N/A
283,"Scientific Senior Director, ADCs Discovery Biology, Oncology",Bristol Myers Squibb,https://www.indeed.com/viewjob?jk=f3a03c6e0f8dac32,"Cambridge, MA, US",MA,"$266,590"
284,"Business Analyst II, Research Informatics Operations",Dana-Farber Cancer Institute,https://www.indeed.com/viewjob?jk=81cf50651ccef128,"Boston, MA, US",MA,"$96,900"
285,"Business Analyst II, Research Informatics Operations",Dana-Farber Cancer Institute,https://www.indeed.com/viewjob?jk=d7657bc34b85aac6,"Boston, MA, US",MA,"$96,900"
286,Travelling Inventory Specialist,SURPLUS SOLUTIONS,https://www.indeed.com/viewjob?jk=93c574a9015dfc43,"Boston, MA, US",MA,$24
287,R&D Engineer,Formlabs,https://www.indeed.com/viewjob?jk=ccb01805cd8fdc10,"Somerville, MA, US",MA,N/A
288,R&D Engineer,Formlabs,https://www.indeed.com/viewjob?jk=b5453d260a95e41c,"Boston, MA, US",MA,N/A
289,Sales & Business Development Specialist,Manay CPA,https://www.indeed.com/viewjob?jk=58f65a950c11cc09,"Medford, MA, US",MA,N/A
290,"Senior Director, Operations Commercialization Lead (Cell Therapy)",AstraZeneca,https://www.indeed.com/viewjob?jk=ad8abbed67a476d3,"Boston, MA, US",MA,"$174,756"
291,"Director, Forecasting, Analytics & Insights (CF)",Vertex Pharmaceuticals,https://www.indeed.com/viewjob?jk=b1710b2919c3d9af,"Boston, MA, US",MA,"$192,000"
292,"Director, Forecasting, Analytics & Insights (CGT)",Vertex Pharmaceuticals,https://www.indeed.com/viewjob?jk=5f8711dd992f8e11,"Boston, MA, US",MA,"$192,000"
293,Director of Product & Segment Marketing (Evident MIS),Evident Scientific,https://www.indeed.com/viewjob?jk=af35b6ea0e8b9e35,"Needham, MA, US",MA,N/A
294,Consulting Project Team Lead - Pricing & Market Access (Multiple Offices) tags.new,ClearView Healthcare Partners,https://www.indeed.com/viewjob?jk=02ce927c53070c1d,"Boston, MA, US",MA,"$190,000"
295,Consulting Project Team Lead - Corporate Strategy (Multiple offices) tags.new,ClearView Healthcare Partners,https://www.indeed.com/viewjob?jk=32235138753c0601,"Boston, MA, US",MA,"$190,000"
296,Life Sciences Senior Consultant - Investor (Multiple Offices) tags.new,ClearView Healthcare Partners,https://www.indeed.com/viewjob?jk=26b3b970612363a5,"Boston, MA, US",MA,"$160,000"
297,Consulting Project Team Lead - Investor (Multiple offices) tags.new,ClearView Healthcare Partners,https://www.indeed.com/viewjob?jk=348547028944f832,"Boston, MA, US",MA,"$190,000"
298,Consulting Project Team Lead - New Product Planning (Multiple offices) tags.new,ClearView Healthcare Partners,https://www.indeed.com/viewjob?jk=5b0fd52bbbd2fe0c,"Boston, MA, US",MA,"$190,000"
299,Safety Officer,American Plumbing and Heating,https://www.indeed.com/viewjob?jk=ceea87d10479a5f4,"Norwell, MA, US",MA,$24
300,Director of Enterprise Technology & Architecture - Hybrid,Revvity,https://www.indeed.com/viewjob?jk=69c097a1ae204a66,"Waltham, MA, US",MA,"$182,500"
301,CATIA Sales Director - Growth Territories,Dassault Systèmes,https://www.indeed.com/viewjob?jk=f24078cb3e0a48fc,"Waltham, MA, US",MA,$300000
302,Adjunct Faculty - Pharmacy Practice Laboratories,Massachusetts College of Pharmacy and Health Sciences,https://www.indeed.com/viewjob?jk=f00d68cb1c6130b0,"Worcester, MA, US",MA,$50
303,"Senior Sales Manager - Global Payment Solutions, Innovation Banking",HSBC,https://www.indeed.com/viewjob?jk=50169bb653b69507,"Boston, MA, US",MA,N/A
304,Product Development - Digital Engineering - Senior Associate,PwC,https://www.indeed.com/viewjob?jk=1b583e982ee2775e,"Boston, MA, US",MA,"$77,000"
305,Scientific Research In Vivo - Associate,Charles River Laboratories,https://www.indeed.com/viewjob?jk=1c94d2326c4373d1,"Cambridge, MA, US",MA,$29
306,Sr. Operations Manager,AIT Worldwide Logistics,https://www.indeed.com/viewjob?jk=439c069c13158961,"Wrentham, MA, US",MA,"$73,750"
307,Senior Accountant – SEC Reporting & Compliance,Monte Rosa Therapeutics,https://www.indeed.com/viewjob?jk=f71afd669f80bd01,"Boston, MA, US",MA,N/A
308,Director – Strategic Programs,RepliGen Corporation,https://www.indeed.com/viewjob?jk=c3c08777348ba168,"Waltham, MA, US",MA,"$160,000"
309,"Digital Lead, US Launches",Sanofi,https://www.indeed.com/viewjob?jk=2914aa4d806e2b8a,"Cambridge, MA, US",MA,N/A
310,Electro-Mechanical Designer,Physik Instrumente,https://www.indeed.com/viewjob?jk=3cd903a819351ea6,"Shrewsbury, MA, US",MA,"$75,000"
311,Mechanical Assembly Technician,Physik Instrumente,https://www.indeed.com/viewjob?jk=3561baa5611bd564,"Shrewsbury, MA, US",MA,$25
312,MedTech Field Service Technician - Eastcoast,IQVIA,https://www.indeed.com/viewjob?jk=d2432ddaa2a6f3e8,"Boston, MA, US",MA,N/A
313,Senior Sales Executive,ACROBIOSYSTEMS,https://www.indeed.com/viewjob?jk=f98e5fa591bcefc9,"Cambridge, MA, US",MA,"$80,000"
314,"Area Business Manager, HIV - Florida and Puerto Rico",EMD Serono,https://www.indeed.com/viewjob?jk=4ef0c93e88c9480e,"Boston, MA, US",MA,"$147,300 – $220,900"
315,"Director, Commercial and Market Access Planning",Monte Rosa Therapeutics,https://www.indeed.com/viewjob?jk=3d351fecf5baece7,"Boston, MA, US",MA,N/A
316,"Research Scientist, High Throughput Human Biology (Contract)",Vertex Pharmaceuticals,https://www.indeed.com/viewjob?jk=1816714bdabad781,"Boston, MA, US",MA,$62
317,"Custodian, Life Science",SBM Management Services,https://www.indeed.com/viewjob?jk=6c00d79ae4bec20c,"Waltham, MA, US",MA,$24
318,"Director, Research Data and Digital Insights Innovation",Takeda Pharmaceuticals,https://www.indeed.com/viewjob?jk=10d2c93dde985463,"Boston, MA, US",MA,"$174,500"
319,IT Cybersecurity Co-op (Fall 2026),WaVe Life Sciences,https://www.indeed.com/viewjob?jk=9d5d1b679301d9c7,"Lexington, MA, US",MA,N/A
320,Microsoft 365 Copilot AI Co-op (Fall 2026),WaVe Life Sciences,https://www.indeed.com/viewjob?jk=0f2ef4e6710cb206,"Lexington, MA, US",MA,N/A
321,"Senior Director, Forecasting, Analytics & Insights (Kidney)",Vertex Pharmaceuticals,https://www.indeed.com/viewjob?jk=709a3d84a88c3fef,"Boston, MA, US",MA,"$228,000"
322,Faculty – School of Nursing – Graduate Nursing,Massachusetts College of Pharmacy and Health Sciences,https://www.indeed.com/viewjob?jk=e790865fa9d2c33e,"Worcester, MA, US",MA,"$100,000"
323,"Senior Healthcare & Life Sciences Solutions Architect, AI Solutions",Amazon Web Services,https://www.indeed.com/viewjob?jk=f86a88ae46dd72e6,"Boston, MA, US",MA,"$138,200/year"
324,"Applied Scientist, Special Projects",Amazon.com,https://www.indeed.com/viewjob?jk=2cc3d6426690aa48,"Boston, MA, US",MA,"$136,000/year"
325,"Applied Scientist, Amazon Special Projects",Amazon.com,https://www.indeed.com/viewjob?jk=0fa02f05104a3158,"Boston, MA, US",MA,"$136,000/year"
326,"WW Lead, Healthcare & Life Sciences GTM, AI Solutions",Amazon Web Services,https://www.indeed.com/viewjob?jk=94e8bcc76c1c7c7b,"Boston, MA, US",MA,"$174,300/year"
327,"Principal Applied Scientist, Amazon Special Projects",Amazon.com,https://www.indeed.com/viewjob?jk=e3ed4e5fad7fc93a,"Boston, MA, US",MA,"$179,000/year"
328,Quality Inspector - NMR,ATS Scientific Products,https://www.indeed.com/viewjob?jk=d6f76ee6c8546837,"Vineland, NJ, US",NJ,$2
329,Trade Marketing (TPM/TPO) - Senior Consultant,Clarkston,https://www.indeed.com/viewjob?jk=8626f685a659a548,"Philadelphia, PA, US",PA,N/A
330,Supply Chain Senior Consultant - Life Sciences,Clarkston,https://www.indeed.com/viewjob?jk=c240cadac826ef59,"Philadelphia, PA, US",PA,N/A
331,SAP IBP Solution Architect - Principal,Clarkston,https://www.indeed.com/viewjob?jk=a9360af01c0a161a,"Philadelphia, PA, US",PA,N/A
332,Salesforce Senior Consultant,Deloitte,https://www.indeed.com/viewjob?jk=67bbc0ab54eb7984,"Philadelphia, PA, US",PA,"$113,300"
333,Associate/Scientific Director,Lumanity,https://www.indeed.com/viewjob?jk=62c59a55e4eb7a55,"Yardley, PA, US",PA,N/A
334,"Technical Sales Manager - Life Sciences, Manufacturing; Cell & Gene Therapy",Saint-Gobain,https://www.indeed.com/viewjob?jk=b3def56cce98d567,"Malvern, PA, US",PA,"$102,000"
335,Industrial Quality Parts Inspector,Ingersoll-Rand,https://www.indeed.com/viewjob?jk=c2e25f1f7c6ec067,"Richboro, PA, US",PA,N/A
336,Industrial Quality Parts Inspector,Ingersoll-Rand,https://www.indeed.com/viewjob?jk=22dbff66aa6bdbb9,"Hatboro, PA, US",PA,N/A
337,Industrial Quality Parts Inspector,Ingersoll-Rand,https://www.indeed.com/viewjob?jk=b8c484d940fcf228,"Philadelphia, PA, US",PA,N/A
338,CNC Lathe Programmer (2nd Shift),Ingersoll-Rand,https://www.indeed.com/viewjob?jk=bfe51ccbf2c966c6,"Newtown, PA, US",PA,N/A
339,Industrial Quality Parts Inspector,Ingersoll-Rand,https://www.indeed.com/viewjob?jk=85a1c0ebeaf15664,"Newtown, PA, US",PA,N/A
340,Industrial Quality Parts Inspector,Ingersoll-Rand,https://www.indeed.com/viewjob?jk=42f83f22c41af88f,"Warrington, PA, US",PA,N/A
341,CNC Lathe Programmer (2nd Shift),Ingersoll-Rand,https://www.indeed.com/viewjob?jk=90a6b9efb640a67d,"Lansdale, PA, US",PA,N/A
342,Field Service Technician,Ingersoll-Rand,https://www.indeed.com/viewjob?jk=418cd7f0fae39faf,"Reading, PA, US",PA,N/A
343,CNC Lathe Programmer (2nd Shift),Ingersoll-Rand,https://www.indeed.com/viewjob?jk=7a516fe3d24f832c,"Hatfield, PA, US",PA,N/A
344,"Sr. Scientist, Stat. Programming - Late Stage (Hybrid)",Merck,https://www.indeed.com/viewjob?jk=a224fdb43a897135,"North Wales, PA, US",PA,"$117,000"
345,"Key Account Surgical Specialist, RWS Philadelphia",LifeNet Health,https://www.indeed.com/viewjob?jk=925a50fb183445b0,"Philadelphia, PA, US",PA,"$109,953"
346,CLEANROOM TECHNICIAN (FULL TIME),ESFM,https://www.indeed.com/viewjob?jk=51e5aca3815d6b37,"Collegeville, PA, US",PA,$18
347,Accounting Manager,nan,https://www.indeed.com/viewjob?jk=0e81320e9981a7d5,"Philadelphia, PA, US",PA,N/A
348,"Associate Account Executive - Philadelphia, PA - Johnson & Johnson MedTech, Surgery",Johnson & Johnson,https://www.indeed.com/viewjob?jk=4783ee0cc344e349,"Philadelphia, PA, US",PA,N/A
349,Project Lead - National,IQVIA,https://www.indeed.com/viewjob?jk=6a9df4c15f93caaa,"Philadelphia, PA, US",PA,"$160,000"
350,Associate Software Engineer,Globus Medical,https://www.indeed.com/viewjob?jk=1e323d3e65cb2fe2,"Audubon, PA, US",PA,N/A
351,"Proposal Lead, Clinical Supply & Specialty Services",Catalent Pharma Solutions,https://www.indeed.com/viewjob?jk=480154a6d725325d,"Philadelphia, PA, US",PA,N/A
352,"Director, Quality Control Microbiology",Resilience,https://www.indeed.com/viewjob?jk=0abc331086479968,"East Norriton, PA, US",PA,"$160,000"
353,Shipping Associate,Ingersoll-Rand,https://www.indeed.com/viewjob?jk=fea1c1735ee19c84,"Ivyland, PA, US",PA,N/A
354,Product Development - Digital Engineering - Senior Associate,PwC,https://www.indeed.com/viewjob?jk=b6b36fb24b69848d,"Philadelphia, PA, US",PA,"$77,000"
355,District Manager - Water,Ecolab,https://www.indeed.com/viewjob?jk=1fffd0f7999d31ca,"Philadelphia, PA, US",PA,"$142,100"
356,"Technical Sales Specialist, Flow Cytometry Reagents",Thermo Fisher Scientific,https://www.indeed.com/viewjob?jk=f79cb7368aed9204,"Philadelphia, PA, US",PA,$25
357,"Senior Associate, Electrical",JB&B,https://www.indeed.com/viewjob?jk=e1790b6c5bbe592f,"Philadelphia, PA, US",PA,"$1610,000"
358,"Senior Principal, Data Engineering",Jazz Pharmaceuticals,https://www.indeed.com/viewjob?jk=da3f7bc00d442cba,"Philadelphia, PA, US",PA,"$142,400"
359,"Account Manager - Philadelphia, PA",Genesee Scientific Corporation,https://www.indeed.com/viewjob?jk=68931091f441d73f,"Philadelphia, PA, US",PA,N/A
360,"Lead, Trial Delivery Manager - Oncology",Johnson & Johnson,https://www.indeed.com/viewjob?jk=94249a04b46bf837,"Spring House, PA, US",PA,"$105,000"
361,MedTech Field Service Technician - Eastcoast,IQVIA,https://www.indeed.com/viewjob?jk=876543f1ec652064,"Trenton, NJ, US",NJ,N/A
362,QUALITY CONTROL FINAL TEST TECHNICIAN,"Process Insights, Inc.",https://www.indeed.com/viewjob?jk=d2fdb41b7e47f6d6,"Horsham, PA, US",PA,N/A
363,Head of NA and EU Sales - Specialty Gas (Remote),EMD Electronics,https://www.indeed.com/viewjob?jk=28febd19cdee65dd,"Allentown, PA, US",PA,"$175,000"
364,Clinical Project Manager - Corporate or Remote,TELA Bio,https://www.indeed.com/viewjob?jk=d278965fec0bbe8e,"Malvern, PA, US",PA,N/A
365,Area Health information Specialist I,Datavant,https://www.indeed.com/viewjob?jk=5b95ec6e59b39d74,"Woodbury, NJ, US",NJ,N/A
366,Clinical Research Specialist-Gastroenterology,Temple University Health System,https://www.indeed.com/viewjob?jk=e353fa48ab73e966,"Philadelphia, PA, US",PA,"$52,000"
367,"Director, Business Development",KPS Life,https://www.indeed.com/viewjob?jk=0e80d629f771fbb6,"Malvern, PA, US",PA,N/A
368,Sr. Project Manager / Pharma,AtkinsRéalis,https://www.indeed.com/viewjob?jk=5cfdba0d57b7542c,"Exton, PA, US",PA,N/A
369,Business Development Director - Life Sciences (Philadelphia),RSM,https://www.indeed.com/viewjob?jk=047b3286af4d974e,"Philadelphia, PA, US",PA,"$136,800"
370,Private Equity Fund Administrator - Supervisor,RSM,https://www.indeed.com/viewjob?jk=851a03e851516528,"Philadelphia, PA, US",PA,"$81,400"
371,Financial Consulting Supervisor - Finance as a Service,RSM,https://www.indeed.com/viewjob?jk=833e055c6f4f8465,"Blue Bell, PA, US",PA,$0
372,"Director, Medical Safety (Scientist)",Jazz Pharmaceuticals,https://www.indeed.com/viewjob?jk=91d407531fe3eb2f,"Philadelphia, PA, US",PA,"$200,000"
373,"Sales Executive - Hereditary Cancer Screening - Allentown, PA",Myriad Genetics,https://www.indeed.com/viewjob?jk=8e3d7341cdcfb74c,"Allentown, PA, US",PA,"$180,000 – $205,000 annually"
374,QA Coordinator,"Cold Chain Technologies, LLC.",https://www.indeed.com/viewjob?jk=a051091622b2b8b0,"Bethlehem, PA, US",PA,$24
375,Director of Estimating,AES Cleanroom Technology,https://www.indeed.com/viewjob?jk=5f5913a6cb8ba7a0,"Montgomeryville, PA, US",PA,"$180,000"
376,"Senior Director, Accounting",HealthVerity,https://www.indeed.com/viewjob?jk=c6ca9523bd12406f,"Philadelphia, PA, US",PA,"$150,000"
377,Field Service Controls Engineer PA,ATC Automation,https://www.indeed.com/viewjob?jk=4cbef7f9b7ecdaa8,"Allentown, PA, US",PA,N/A
378,"Associate Director, Business Development - Medical & Scientific Communications",IQVIA,https://www.indeed.com/viewjob?jk=50dbc30d8c46f328,"Philadelphia, PA, US",PA,"$89,600"
379,Fulfillment Specialist - Specialty Pharmacy,AscellaHealth,https://www.indeed.com/viewjob?jk=73fc9dd28d3a12e0,"Berwyn, PA, US",PA,N/A
380,Technology/Cloud Marketing Development Lead,Accenture,https://www.indeed.com/viewjob?jk=0c3b31741f4053c9,"Philadelphia, PA, US",PA,"$73,800"
381,Equipment Service Technician,STERIS,https://www.indeed.com/viewjob?jk=a88eb815c28aaf2d,"Philadelphia, PA, US",PA,"$54,187"
382,Mechanical Engineer I,"Hargrove Life Sciences, LLC",https://www.indeed.com/viewjob?jk=84f49ea1dd228ecf,"Philadelphia, PA, US",PA,N/A
383,Environmental Health & Safety Associate,Triumvirate Environmental,https://www.indeed.com/viewjob?jk=f26aad0870d8d2e2,"Norristown, PA, US",PA,N/A
384,National Business Director,nan,https://www.indeed.com/viewjob?jk=3ef97e9f9b80e07d,"Philadelphia, PA, US",PA,N/A
385,"Sr. Manager/Associate Director, Global Recruitment Marketing",nan,https://www.indeed.com/viewjob?jk=bb80e871eb40e0de,"Newtown, PA, US",PA,N/A
386,"Sr. Director, Strategic Execution",nan,https://www.indeed.com/viewjob?jk=1a3b065f19828a03,"Newtown, PA, US",PA,"$148,410"
387,Pharmaceutical Sales Representative,nan,https://www.indeed.com/viewjob?jk=23bcabf63696abf6,"Exton, PA, US",PA,N/A
388,Oncology Sales Specialist,nan,https://www.indeed.com/viewjob?jk=45bc5273f3bcb96e,"Trenton, NJ, US",NJ,$200k
389,Managing Director Commercial Advisory,nan,https://www.indeed.com/viewjob?jk=f5f8327e457bebe0,"Philadelphia, PA, US",PA,$3
390,Oncology Sales Specialist,nan,https://www.indeed.com/viewjob?jk=e543619dda612701,"Philadelphia, PA, US",PA,$200k
391,Pharmaceutical Sales Representative,nan,https://www.indeed.com/viewjob?jk=34d228f3c5427e7a,"Princeton, NJ, US",NJ,"$60,000k"
392,Sr. Director - Human Resources,nan,https://www.indeed.com/viewjob?jk=90c8f3cdb9b67653,"Branchburg, NJ, US",NJ,"$169,500"
393,Facilities Coordinator,CBRE,https://www.indeed.com/viewjob?jk=407a9d87c0dad55c,"Philadelphia, PA, US",PA,N/A
394,Milroyal Assembler,Ingersoll-Rand,https://www.indeed.com/viewjob?jk=f98b78d33d2e434e,"Ivyland, PA, US",PA,N/A
395,"Director, Pipeline Project Manager",GSK,https://www.indeed.com/viewjob?jk=41ccd3b6a70273d2,"Collegeville, PA, US",PA,N/A
396,Microbiologist,Quantus Inc,https://www.indeed.com/viewjob?jk=ccfca066dbe12c58,"Philadelphia, PA, US",PA,N/A
397,Product Manager,Biolyst Scientific,https://www.indeed.com/viewjob?jk=eb738f8c08619019,"Morgantown, PA, US",PA,N/A
398,Product Manager,Biolyst Scientific,https://www.indeed.com/viewjob?jk=5196d59d4de98add,"Morgantown, PA, US",PA,N/A
399,"Senior Data Scientist, Data Management",ICON plc,https://www.indeed.com/viewjob?jk=6f0bf75b9aa9f0a0,"Blue Bell, PA, US",PA,N/A
400,Senior Event Manager,Impact XM,https://www.indeed.com/viewjob?jk=a848edc27536e4fe,"Dayton, NJ, US",NJ,N/A
401,Forsyth Health Sales Leader,The Cigna Group,https://www.indeed.com/viewjob?jk=55778a62aadf42ec,"Philadelphia, PA, US",PA,N/A
402,Senior Key Channel Executive,Beckman Coulter Diagnostics,https://www.indeed.com/viewjob?jk=04e70f99b3e671d7,"Philadelphia, PA, US",PA,"$100,000"
403,Calibration and Instrumentation Technician,PROCONEX,https://www.indeed.com/viewjob?jk=ad809abdfdd45af5,"Royersford, PA, US",PA,N/A
404,"Sales, Associate Account Manager - Diagnostic Imaging (Philadelphia, Baltimore, Washington DC)",Philips,https://www.indeed.com/viewjob?jk=75916dc2417a7601,"Philadelphia, PA, US",PA,"$75,000"
405,Clinical Training Program Field Specialist - South Central,Organon Pharmaceuticals,https://www.indeed.com/viewjob?jk=12621945c5f339a4,"Plymouth Meeting, PA, US",PA,$6
406,Business Process Design & Presales Solutions Consultant,Ricoh,https://www.indeed.com/viewjob?jk=dbf086768ef2a60a,"Philadelphia, PA, US",PA,N/A
407,"Manager, Trial Delivery Manager",Johnson & Johnson,https://www.indeed.com/viewjob?jk=9a3148ca1788c1c5,"Spring House, PA, US",PA,N/A
408,HOUSEKEEPER (PART TIME),ESFM,https://www.indeed.com/viewjob?jk=bd7697ee60136f35,"West Chester, PA, US",PA,$15
409,Key Account Manager,nan,https://www.indeed.com/viewjob?jk=a0f8492b27a49f69,"Delaware, NJ, US",NJ,"$160,000"
410,Manager/Senior Manager - Decision Science (1235),AXTRIA,https://www.indeed.com/viewjob?jk=cb46938301431698,"Berkeley Heights, NJ, US",NJ,"$119,500"
411,Associate Director - IC & Commercial Excellence,AXTRIA,https://www.indeed.com/viewjob?jk=5914357c7e0176d8,"Berkeley Heights, NJ, US",NJ,"$131,200"
412,Technology/Cloud Marketing Development Lead,Accenture,https://www.indeed.com/viewjob?jk=3d66b5a4c965f3ef,"Morristown, NJ, US",NJ,"$73,800"
413,MAILROOM CLERK (TEMPORARY),ESFM,https://www.indeed.com/viewjob?jk=30dfe81d5574b67d,"Raritan, NJ, US",NJ,$16
414,Senior Environmental Health & Safety Consultant,Triumvirate Environmental,https://www.indeed.com/viewjob?jk=e0f151172a779877,"Florham Park, NJ, US",NJ,N/A
415,Quality Specialist,IFC Solutions,https://www.indeed.com/viewjob?jk=ffd9d855e8808844,"Linden, NJ, US",NJ,$26
416,"Sr. Manager/Associate Director, Global Recruitment Marketing",nan,https://www.indeed.com/viewjob?jk=931f07e7e83e4620,"Bridgewater, NJ, US",NJ,N/A
417,"Exec Director, Cloud Ops and Infrastructure",nan,https://www.indeed.com/viewjob?jk=72c9e329db436f4d,"Bridgewater, NJ, US",NJ,N/A
418,"Sr. Director, Strategic Execution",nan,https://www.indeed.com/viewjob?jk=1bf5f95d87bfe5c7,"Bridgewater, NJ, US",NJ,"$148,410"
419,"Executive Director, Business Development - Core",nan,https://www.indeed.com/viewjob?jk=d23d0ac58cefd144,"Bridgewater, NJ, US",NJ,N/A
420,Associate Consultant - R&D Advisory - US,nan,https://www.indeed.com/viewjob?jk=a123ad5e05e2854f,"Bridgewater, NJ, US",NJ,"$89,000"
421,Veeva Solution Architect-5,Realign,https://www.indeed.com/viewjob?jk=495894b163c5121e,"Raritan, NJ, US",NJ,N/A
422,Regional Sales Manager,CSL,https://www.indeed.com/viewjob?jk=8b62117e647e8f17,"Summit, NJ, US",NJ,"$160,000"
423,"Director, Global Strategy",Zoetis,https://www.indeed.com/viewjob?jk=125cd7c5d89c8d90,"Parsippany-Troy Hills, NJ, US",NJ,"$185,000"
424,Supply Chain Intern,AIT Worldwide Logistics,https://www.indeed.com/viewjob?jk=54515b3961bdbbdc,"Secaucus, NJ, US",NJ,$20
425,Forsyth Health Sales Leader,The Cigna Group,https://www.indeed.com/viewjob?jk=dfd68a4170fa32e4,"Morris Plains, NJ, US",NJ,N/A
426,Field Clinical Specialist,InspireMD,https://www.indeed.com/viewjob?jk=dae766fe3fcb52f0,"Morristown, NJ, US",NJ,N/A
427,JANITOR (PART TIME),ESFM,https://www.indeed.com/viewjob?jk=c6153b49280f37c2,"Somerset, NJ, US",NJ,$18
428,Legal Assistant / Legal Administrative Assistant (Life Sciences),"Frier & Levitt, LLC",https://www.indeed.com/viewjob?jk=3d474e811dc76218,"Montville, NJ, US",NJ,N/A
429,Director Global Market Access & Reimbursement – Precision Medicine,Merck,https://www.indeed.com/viewjob?jk=a50e8a7265dc5f9a,"Rahway, NJ, US",NJ,"$190,800"
430,Programmatic Activation Specialist - IQVIA Digital (Remote),IQVIA,https://www.indeed.com/viewjob?jk=242e901bee42ecea,"Wayne, NJ, US",NJ,"$49,500"
431,"Associate, In-Process QA, MG/PG",US PharmaLab Inc.,https://www.indeed.com/viewjob?jk=5cf4f7fe190eaf2c,"North Brunswick, NJ, US",NJ,N/A
432,Data Product Manager,Zoetis,https://www.indeed.com/viewjob?jk=cb2cc57330661691,"Parsippany-Troy Hills, NJ, US",NJ,"$105,000"
433,Service Desk/ServiceNow Solutions Architect*,Accenture,https://www.indeed.com/viewjob?jk=d2a4200fbe8ff454,"Morristown, NJ, US",NJ,"$73,800"
434,JDE & Infor Solutions Architect*,Accenture,https://www.indeed.com/viewjob?jk=f11474d33789e41e,"Morristown, NJ, US",NJ,"$73,800"
435,Data Analytics/AI - Solutions Architect*,Accenture,https://www.indeed.com/viewjob?jk=f3629b8e8c006e54,"Morristown, NJ, US",NJ,"$73,800"
436,Oracle Hyperion/Fusion Solutions Architect *,Accenture,https://www.indeed.com/viewjob?jk=c4748b5e3766d35e,"Morristown, NJ, US",NJ,"$73,800"
437,"Technology Strategy Manager/Sr Manager, Products Industry",Accenture,https://www.indeed.com/viewjob?jk=a47533de389c26fd,"Morristown, NJ, US",NJ,"$122,700"
438,IBM iSeries Solutions Architect*,Accenture,https://www.indeed.com/viewjob?jk=2de6197fd8e33717,"Morristown, NJ, US",NJ,"$73,800"
439,ServiceNow ITSM Solutions Arch*,Accenture,https://www.indeed.com/viewjob?jk=d89c03146c02c42c,"Morristown, NJ, US",NJ,"$73,800"
440,Network and Security Services Solutions Architect*,Accenture,https://www.indeed.com/viewjob?jk=a960d5627ec4d638,"Morristown, NJ, US",NJ,"$73,800"
441,AWS Modernization Solutions Architect*,Accenture,https://www.indeed.com/viewjob?jk=de1be658b9073c90,"Morristown, NJ, US",NJ,"$73,800"
442,"Associate, In-Process QA, MG/PG",US PharmaLab Inc.,https://www.indeed.com/viewjob?jk=4ba76dfbaa1ae35a,"North Brunswick, NJ, US",NJ,N/A
443,EG- Health Information Specialist I,Datavant,https://www.indeed.com/viewjob?jk=e3e71081448fa715,"Englewood, NJ, US",NJ,N/A
444,Nurse Educator (1099 Independent Contractor),AssistRx,https://www.indeed.com/viewjob?jk=d977cc2b277be333,"Trenton, NJ, US",NJ,$160
445,Regulatory Affairs Senior Manager,Katalyst Healthcares & Life Sciences,https://www.indeed.com/viewjob?jk=c9a3edf95a19c525,"Madison, NJ, US",NJ,N/A
446,Sales Director - Eurofins Built Environment Testing East,Eurofins,https://www.indeed.com/viewjob?jk=918a3210f9b1ee46,"Mount Laurel, NJ, US",NJ,N/A
447,Middle School Science Teacher (Leave Replacement),The Pennington School,https://www.indeed.com/viewjob?jk=27b6a98ca438bd8c,"Pennington, NJ, US",NJ,"$4,000"
448,"VP, Global Sales Intelligence",Information Technology Senior Management Forum,https://www.indeed.com/viewjob?jk=a89462766ded2370,"Franklin Lakes, NJ, US",NJ,N/A
449,"Senior Director, Global Sales Training",BD,https://www.indeed.com/viewjob?jk=8d35a8ff1be03f5b,"Franklin Lakes, NJ, US",NJ,N/A
450,"VP, Global Sales Intelligence",BD,https://www.indeed.com/viewjob?jk=376264c9b2217740,"Franklin Lakes, NJ, US",NJ,N/A
451,Sr. Product Manager (CA),Getinge,https://www.indeed.com/viewjob?jk=89372928ca13d238,"Wayne, NJ, US",NJ,"$175,000"
452,Sales Account Executive-CDMO Analytical Outsourcing,Pace Analytical Services LLC,https://www.indeed.com/viewjob?jk=fb981c6fb2abeb34,"Lebanon, NJ, US",NJ,"$110,00"
453,"Senior Quality Engineer, Quality Operations (Wayne, NJ)",Getinge,https://www.indeed.com/viewjob?jk=0281fa098cae5e69,"Wayne, NJ, US",NJ,$112k
454,Medical Services Assistant (Multiple Vacancies),Rutgers University,https://www.indeed.com/viewjob?jk=7efa1965f5a3989c,"New Brunswick, NJ, US",NJ,N/A
455,Billing Tech/Precert,Rutgers University,https://www.indeed.com/viewjob?jk=83550fc830907bba,"New Brunswick, NJ, US",NJ,N/A
456,Data Scientist,Johnson & Johnson,https://www.indeed.com/viewjob?jk=12ad612547ed0d28,"New Brunswick, NJ, US",NJ,"$89,000"
457,Dental Assistant II,Rutgers University,https://www.indeed.com/viewjob?jk=38f59b829ebdf548,"Newark, NJ, US",NJ,N/A
458,Athletic Trainer,Rutgers University,https://www.indeed.com/viewjob?jk=21b67638b0a7f1eb,"New Brunswick, NJ, US",NJ,N/A
459,Postdoctoral Associate,Rutgers University,https://www.indeed.com/viewjob?jk=8ebda4a16ef3d4f4,"Newark, NJ, US",NJ,N/A
460,Head Clerk,Rutgers University,https://www.indeed.com/viewjob?jk=41dd203feb729af1,"Newark, NJ, US",NJ,N/A
461,Temporary Research Assistant (2) Vacancies,Rutgers University,https://www.indeed.com/viewjob?jk=0978dcd03f766abb,"Piscataway, NJ, US",NJ,$18
462,Central Sterile Tech I,Rutgers University,https://www.indeed.com/viewjob?jk=7544bae150421eba,"Newark, NJ, US",NJ,N/A
463,Medical Assistant (Multiple Vacancies),Rutgers University,https://www.indeed.com/viewjob?jk=e1c53ad5b0ab6b81,"New Brunswick, NJ, US",NJ,N/A
464,Postdoctoral Associate,Rutgers University,https://www.indeed.com/viewjob?jk=f8c943777cef45e4,"New Brunswick, NJ, US",NJ,"$63,968"
465,Research Associate III,Rutgers University,https://www.indeed.com/viewjob?jk=9d8c8a9608c5dc06,"Newark, NJ, US",NJ,"$51,169"
466,Patient Navigator,Rutgers University,https://www.indeed.com/viewjob?jk=cc300019ee41e7dd,"New Brunswick, NJ, US",NJ,"$65,00"
467,"Hematology/Oncology, Rutgers Cancer Institute at University Hospital",Rutgers University,https://www.indeed.com/viewjob?jk=a476dd88d9d84a39,"Newark, NJ, US",NJ,"$269,922"
468,Secretary III,Rutgers University,https://www.indeed.com/viewjob?jk=543737429adb06bd,"Northfield, NJ, US",NJ,N/A
469,"Senior Medical Director, Immunology Clinical Development",AbbVie,https://www.indeed.com/viewjob?jk=80b6a1759a746635,"Florham Park, NJ, US",NJ,N/A
470,"Senior Scientist, Multispecific Antibody Engineering (Oncology)",AbbVie,https://www.indeed.com/viewjob?jk=c469c9a0ac4261ed,"Worcester, MA, US",MA,N/A
471,"Engineer, Technology II",AbbVie,https://www.indeed.com/viewjob?jk=08d2b90d2977b7d1,"Worcester, MA, US",MA,"$158,974/yr"
472,"Senior Medical Director, Immunology Clinical Development",AbbVie,https://www.indeed.com/viewjob?jk=ee594c47f4bd209c,"Cambridge, MA, US",MA,N/A
473,"Scientist Development Rotational Program ( SDP)Associate, Scientist II",AbbVie,https://www.indeed.com/viewjob?jk=bede91e9efb5cc96,"Worcester, MA, US",MA,N/A
474,"Senior Applied AI Scientist, Translational AI Lab (TRAIL)",Genentech,https://www.indeed.com/viewjob?jk=0ef70854dd73392d,"New York, NY, US",NY,"$141,300"
475,BioNTech-Health Economics and Outcomes Research (HEOR) Postdoctoral Research Fellow,Northeastern University,https://www.indeed.com/viewjob?jk=dbef87531ffa4a2c,"Boston, MA, US",MA,"$59,425"
476,Senior Principal DSX Data Scientist,Genentech,https://www.indeed.com/viewjob?jk=a971fa156209df5c,"Boston, MA, US",MA,"$189,400"
477,Senior Principal DSX Data Scientist,Genentech,https://www.indeed.com/viewjob?jk=15b958a2beaf45a6,"Boston, MA, US",MA,"$189,400"
478,"Senior Director, Global Program Team Lead",Alexion Pharmaceuticals,https://www.indeed.com/viewjob?jk=7d16d37a1006cdd4,"Boston, MA, US",MA,N/A
479,"Senior Specialist, Engineering (Onsite)",Merck,https://www.indeed.com/viewjob?jk=93d60767d24e5b81,"Rahway, NJ, US",NJ,"$117,000"
480,"Scientist, Analytical R&D",Merck,https://www.indeed.com/viewjob?jk=802f8afef42c38c8,"Rahway, NJ, US",NJ,"$87,300"
481,"Distinguished Scientist, Clinical Research, Thoracic Malignancies",Merck,https://www.indeed.com/viewjob?jk=c667b558d37e4850,"Rahway, NJ, US",NJ,"$310,900"
482,Associate Principal Scientist (Associate Director) - Outcomes Research - Hematology,Merck,https://www.indeed.com/viewjob?jk=eafb7d2e3f0256a5,"Rahway, NJ, US",NJ,"$153,800"
483,Associate Principal Scientist Statistical Programming - Late-Stage (Non-Oncology) (Hybrid),Merck,https://www.indeed.com/viewjob?jk=124862e9434dbe9c,"Rahway, NJ, US",NJ,"$142,400"
484,"Group Leader - Senior Director, Quantitative Pharmacology and Pharmacometrics (Hybrid or Remote)",Merck,https://www.indeed.com/viewjob?jk=b7861a09b067b42b,"Boston, MA, US",MA,"$210,400"
485,"Director, Clinical Research, Cardiovascular and Respiratory",Merck,https://www.indeed.com/viewjob?jk=82f38296bdbd8e4a,"Boston, MA, US",MA,"$255,800"
486,Senior Scientist – Downstream Vaccines and Advanced Biotechnologies Process R&D,Merck,https://www.indeed.com/viewjob?jk=d345f2eee98a33cb,"West Point, PA, US",PA,"$117,000"
487,"Senior Scientist, Epidemiology",Merck,https://www.indeed.com/viewjob?jk=0cb365a392f9f40c,"West Point, PA, US",PA,"$117,000"
488,"Associate Principal Scientist, Drug Metabolism & Pharmacokinetics",Merck,https://www.indeed.com/viewjob?jk=343f7cc9f52634c4,"West Point, PA, US",PA,"$142,400"
489,"Senior Scientist/Engineer, Medical Device and Combination Products, Analytical",Merck,https://www.indeed.com/viewjob?jk=ff85af193b5428d3,"West Point, PA, US",PA,"$117,000"
490,FSP -- Sr. Scientist -- Neutralizing Antibody Assays (NAb),Thermo Fisher Scientific,https://www.indeed.com/viewjob?jk=547d157ce2662d77,"Lawrenceville, NJ, US",NJ,"$79,100"
491,"Senior Director, RWE/Epi Scientist Internal Medicine - Migraine",Pfizer,https://www.indeed.com/viewjob?jk=47f87d704d54c20c,"New York, NY, US",NY,"$230,900"
492,"Manager, Platform Engineer",Pfizer,https://www.indeed.com/viewjob?jk=b8bf764141593fb8,"New York, NY, US",NY,"$99,200"
493,In Vivo Vaccine Research Scientist,Pfizer,https://www.indeed.com/viewjob?jk=d79f215b3134fab7,"Pearl River, NY, US",NY,"$79,400"
494,Clinical Scientist,Sanofi,https://www.indeed.com/viewjob?jk=55c202f3b92de019,"Morristown, NJ, US",NJ,N/A
495,Clinical Scientist,Sanofi,https://www.indeed.com/viewjob?jk=6fb937aa2267173f,"Cambridge, MA, US",MA,N/A
496,Senior Scientist - Lab Automation - Purification Process Development,Sanofi,https://www.indeed.com/viewjob?jk=a5877c021ab9d6b7,"Framingham, MA, US",MA,N/A
497,Associate Scientist,Sanofi,https://www.indeed.com/viewjob?jk=96064c3e91ec4946,"Framingham, MA, US",MA,N/A
498,Biorepository Center of Excellence (BCOE) Expert,Sanofi,https://www.indeed.com/viewjob?jk=be8e061493eeca7a,"Cambridge, MA, US",MA,N/A
499,"Product Manager, AI",Versant,https://www.indeed.com/viewjob?jk=bee1aae790bd7950,"Englewood Cliffs, NJ, US",NJ,"$130,000"
500,"Sr Data Scientist, Personalization",PayPal,https://www.indeed.com/viewjob?jk=ed338637ec726e2b,"New York, NY, US",NY,"$123,500"
501,"Senior Mechanical Design Engineer, Automation (Contract)",Vertex Pharmaceuticals,https://www.indeed.com/viewjob?jk=78487fbb96517fbc,"Boston, MA, US",MA,$75
502,Lead AI Engineer,Granite Telecommunications,https://www.indeed.com/viewjob?jk=0ba689a09f8637eb,"Quincy, MA, US",MA,$1
503,"Associate Director, Analytical AI Forecasting and Predictive Solutions",Bristol Myers Squibb,https://www.indeed.com/viewjob?jk=9f669f2cca98599b,"Princeton, NJ, US",NJ,"$167,540"
504,Senior Scientist Stability,Bristol Myers Squibb,https://www.indeed.com/viewjob?jk=704b148c3f8c2cdb,"New Brunswick, NJ, US",NJ,"$115,790"
505,"Senior Specialist, Cross Study Operations and Specimen Management Product",Bristol Myers Squibb,https://www.indeed.com/viewjob?jk=7ac62e521576f1e2,"Princeton, NJ, US",NJ,N/A
506,Senior Scientist Stability,Bristol Myers Squibb,https://www.indeed.com/viewjob?jk=0dd3ee8df84be51e,"Devens, MA, US",MA,"$115,790"
507,Senior Principal Software Engineer - R&D Tech,GSK,https://www.indeed.com/viewjob?jk=edab5b68f2550a32,"Collegeville, PA, US",PA,N/A
508,"Senior Director, Head of Data Governance & Compliance",GSK,https://www.indeed.com/viewjob?jk=c1e5e64a9955aa06,"Collegeville, PA, US",PA,N/A
509,"Senior Director, Head of Data Governance & Compliance",GSK,https://www.indeed.com/viewjob?jk=db69623eea3ec0cd,"Upper Providence, PA, US",PA,N/A
510,"Associate Scientist, Flow Cytometry",Regeneron,https://www.indeed.com/viewjob?jk=a9f3d015b1522f8b,"Tarrytown, NY, US",NY,"$70,300"
511,"Associate Scientist, Flow Cytometry",Regeneron,https://www.indeed.com/viewjob?jk=714f5dc8a60f1494,"Tarrytown, NY, US",NY,"$70,300"
512,"Associate Scientist - Genetic Medicines, In Vivo",Regeneron,https://www.indeed.com/viewjob?jk=afdc4206f9ba5886,"Tarrytown, NY, US",NY,"$70,300"
513,Associate Scientist - Immunology and Inflammation,Regeneron,https://www.indeed.com/viewjob?jk=bcc62853f4b035a2,"Tarrytown, NY, US",NY,"$93,900"
514,"Associate Scientist - Genetic Medicines, In Vivo",Regeneron,https://www.indeed.com/viewjob?jk=638687f9747d8e74,"Tarrytown, NY, US",NY,"$70,300"
515,Associate Scientist - Immunology and Inflammation,Regeneron,https://www.indeed.com/viewjob?jk=3dcfdba7c80a7284,"Tarrytown, NY, US",NY,"$93,900"
516,Associate Scientist-Biomolecular Interactions,Regeneron,https://www.indeed.com/viewjob?jk=453c6818bf5d11d2,"Tarrytown, NY, US",NY,"$93,900"
517,Associate Scientist-Biomolecular Interactions,Regeneron,https://www.indeed.com/viewjob?jk=9db8f28a2075fc18,"Tarrytown, NY, US",NY,"$93,900"
